custid,retained,esent,eopenrate,eclickrate,avgorder,ordfreq,favday
6H6T6N,0,29,100,3.448275862,14.52,0,Monday
APCENR,1,95,92.63157895,10.52631579,83.69,0.181640625,Friday
7UP6MS,0,0,0,0,33.58,0.059907834,Wednesday
7ZEW8G,0,0,0,0,54.96,0,Thursday
8V726M,1,30,90,13.33333333,111.91,0.008849558,Monday
2B6B83,1,46,80.43478261,15.2173913,175.1,0.141176471,Wednesday
99XGVM,1,60,43.33333333,6.666666667,116.55,0.125,Friday
U3MP5L,1,64,28.125,15.625,68.1,0.04009434,Friday
ELKAGQ,1,45,0,0,46.6,0,Wednesday
3SBQP2,1,34,94.11764706,8.823529412,66.07,0.133789063,Monday
YMALVV,1,48,83.33333333,2.083333333,89.04,0.086655113,Friday
GW8NT7,1,40,87.5,45,88.3,0.088477366,Wednesday
TFKLD4,1,69,2.898550725,2.898550725,126.81,0.059431525,Monday
RAQ92T,1,38,36.84210526,23.68421053,116.77,0.078947368,Tuesday
DMJERJ,0,16,12.5,0,59.25,0.129353234,Tuesday
FJKD8W,1,45,60,15.55555556,49.73,0.044247788,Wednesday
HEPCW7,0,13,61.53846154,15.38461538,156.54,0.119113573,Monday
2JZAE3,1,48,8.333333333,2.083333333,101.06,0.037800687,Monday
BYS2DU,1,57,17.54385965,0,14.02,0.066009852,Monday
F6MHUM,1,46,65.2173913,8.695652174,79.39,0.069838057,Thursday
LSL6QK,0,0,0,0,29.17,0,Monday
9SVNMF,1,47,2.127659574,0,79.88,0.006932409,Wednesday
JPBBEP,1,47,19.14893617,10.63829787,115.25,0.138888889,Wednesday
3ML22U,0,0,0,0,76.67,0.007017544,Tuesday
N297FU,0,0,0,0,35.86,0.006024096,Tuesday
JD96M8,1,18,0,0,85.61,0.08,Tuesday
PLM5WZ,0,0,0,0,75.54,0.007072136,Monday
F3MF5Y,1,31,100,9.677419355,59.67,0.016427105,Thursday
2GHDRJ,1,46,6.52173913,4.347826087,59.11,0.015701668,Friday
KZHTJ7,1,49,36.73469388,20.40816327,33.87,0.026392962,Monday
WXBP2F,1,16,0,0,64.82,0.071428571,Tuesday
RJYYJ9,1,45,11.11111111,0,60.94,0,Tuesday
MZ8L3N,1,40,2.5,2.5,94.28,0.021929825,Thursday
UCVGQ9,1,48,12.5,2.083333333,103.39,0.013157895,Monday
4W84UJ,0,0,0,0,15.64,0,Tuesday
LMVN3V,1,45,17.77777778,2.222222222,117.97,0.03255814,Thursday
CZTUVU,1,47,2.127659574,0,37.24,0.036809816,Wednesday
3TJT3R,1,16,0,0,165.95,0.007434944,Friday
Q7RV8W,1,45,0,0,74.74,0,Friday
D5SNFS,0,0,0,0,178.44,0.045203969,Wednesday
ANEWZC,0,0,0,0,43.54,0,Tuesday
ZKL5JF,0,0,0,0,103.64,0.016172507,Thursday
EEKG4H,0,0,0,0,28.63,0,Wednesday
AZJTMQ,0,0,0,0,21.97,0,Thursday
HGBG96,0,0,0,0,87.05,0.021276596,Tuesday
W97W6Q,1,48,2.083333333,2.083333333,35.73,0.026008969,Tuesday
LGA8JT,1,50,10,4,33.38,0.005380477,Monday
RZQEWF,1,45,0,0,22.92,0,Wednesday
D4AEL5,0,0,0,0,125.97,0.035911602,Monday
3PST7V,0,0,0,0,37.01,0.047619048,Friday
T6ZAER,0,0,0,0,61.85,0.269230769,Friday
C55RAB,0,0,0,0,101.3,0,Wednesday
YRHUHV,1,53,3.773584906,3.773584906,151.27,0.094653812,Tuesday
8SK2UB,1,18,0,0,58.57,0.166666667,Monday
HZS3AJ,0,0,0,0,55.9,0,Thursday
GXDXR6,1,18,0,0,132.31,0.027472527,Monday
LE9M9X,1,16,0,0,91.9,0,Monday
B2LW75,1,16,0,0,39.16,0,Friday
BNE3YV,1,23,95.65217391,0,68.82,0.032644178,Monday
LJJEMA,1,34,14.70588235,0,44.05,0,Tuesday
EBNK8A,0,0,0,0,184.37,0,Wednesday
Z4YCW4,1,41,43.90243902,0,27.11,0.065408805,Thursday
FNWU29,0,0,0,0,65.77,0.018891688,Wednesday
ARR4H6,1,42,26.19047619,2.380952381,44.97,0.006144393,Tuesday
RACF5D,0,0,0,0,69.69,0,Thursday
64QBT7,0,33,75.75757576,0,49.76,0.214285714,Tuesday
GK3EST,1,16,0,0,81.95,0,Wednesday
W3TM2U,0,0,0,0,134.18,0.015217391,Tuesday
MLX3EU,1,14,0,0,63.18,0,Thursday
BXWS2B,1,45,77.77777778,20,42.62,0.064372919,Monday
C8UJQ3,1,16,0,0,23.79,0,Wednesday
PFCF8Q,1,46,93.47826087,15.2173913,165.07,0,Tuesday
NJR788,0,0,0,0,29.68,0,Tuesday
J8SLPE,1,45,4.444444444,2.222222222,39.41,0.006711409,Friday
GYH5AF,1,47,2.127659574,0,73.07,0,Friday
4QRWVB,1,18,0,0,50.87,0.072222222,Wednesday
VMYYX9,0,0,0,0,35.09,0.09375,Monday
CF5K35,1,42,38.0952381,0,85.37,0.076923077,Monday
XQK2CK,0,0,0,0,60.3,0,Thursday
FM7VFL,1,44,25,11.36363636,117.32,0.032786885,Friday
7PEMUD,1,47,0,0,105.45,0.003707136,Tuesday
A3XBE,1,45,6.666666667,2.222222222,165.23,0.010526316,Monday
EQSD5E,1,45,6.666666667,0,52.4,0,Tuesday
CT3NDS,1,39,87.17948718,12.82051282,30.48,0.015732547,Tuesday
C6HVXN,1,16,0,0,33.57,0,Thursday
ARP 342.00,0,0,0,0,83.04,0,Monday
7PALQK,0,0,0,0,54.82,0.076190476,Thursday
S5DZ4Y,1,47,2.127659574,0,20.54,0.008403361,Monday
Z7QFN7,1,16,0,0,53.36,0,Friday
TGYGPC,1,42,16.66666667,2.380952381,27.74,0.005617978,Friday
DVRYSK,0,0,0,0,25,0,Thursday
HTJNCB,1,39,35.8974359,0,130.51,0.021505376,Tuesday
3VCXN,0,0,0,0,141.97,0.015873016,Monday
SGU3PB,0,0,0,0,47.5,0.010126582,Thursday
PXXTWN,0,0,0,0,111.86,0.054263566,Tuesday
U9ZQQP,1,46,19.56521739,10.86956522,29.73,0.006485084,Tuesday
M87HQT,0,0,0,0,109.16,0.022988506,Monday
564EL5,0,0,0,0,27.6,0,Thursday
S7B2TP,1,38,28.94736842,18.42105263,54.62,0,Friday
PA38W9,0,0,0,0,37.2,0,Thursday
5DDKKP,1,40,22.5,0,139.88,0,Friday
BUMVQN,0,0,0,0,57.3,0,Monday
ZPR8KQ,1,52,3.846153846,1.923076923,59.35,0.020530368,Monday
EG43ET,1,34,79.41176471,17.64705882,44.25,0.014005602,Monday
QKYBFL,1,18,0,0,18.42,0.203125,Thursday
2NV3SY,1,40,25,0,302.43,0,Thursday
YUA6VH,1,47,2.127659574,0,50.79,0.272727273,Friday
ME8GM2,1,37,5.405405405,5.405405405,57.22,0.00655308,Wednesday
ELJFL7,1,41,21.95121951,14.63414634,72.66,0.01863354,Wednesday
37TL6Y,1,16,0,0,71.96,0.285714286,Friday
VSDFDY,1,16,0,0,37.81,0.083333333,Friday
XWM9F2,1,42,23.80952381,0,16.14,0,Monday
248PRB,1,45,22.22222222,8.888888889,104.22,0.012897678,Wednesday
EDHT4T,1,42,23.80952381,0,86.73,0.103448276,Monday
2K94VS,1,44,29.54545455,0,30.57,0,Friday
PBCL4J,0,0,0,0,23.65,0,Tuesday
E3JPX3,0,0,0,0,120.14,0.714285714,Thursday
5CLFNM,1,46,6.52173913,0,70.32,0.019283747,Monday
S8J2KD,0,0,0,0,57.76,0,Wednesday
SJKEYZ,1,47,17.0212766,6.382978723,55.18,0.020484171,Wednesday
PCM3GS,1,48,4.166666667,0,96.37,0.007792208,Monday
4YUT8B,0,0,0,0,55.68,0,Friday
WYPLUJ,1,16,0,0,20.2,0,Monday
6FR5QW,0,0,0,0,29,0,Thursday
ETU955,1,11,27.27272727,18.18181818,38.46,0.222222222,Monday
3WEGJ4,1,22,4.545454545,4.545454545,36.48,0.009608785,Monday
HFLKGD,1,18,0,0,51.3,0.045112782,Friday
CXU7AW,0,0,0,0,171.7,0.060606061,Tuesday
Y4JALT,1,34,64.70588235,2.941176471,93.96,0.019607843,Friday
6ZHF73,0,0,0,0,67.95,0.018735363,Wednesday
UTLGDS,1,47,2.127659574,0,110.02,0.04704797,Tuesday
F3ANT8,1,47,0,0,37.35,0.016260163,Thursday
UH5A8N,0,0,0,0,21.98,0.052631579,Friday
72EG38,0,0,0,0,147.35,0.45,Friday
DEHQEB,0,0,0,0,99.47,0.022900763,Wednesday
HU4SHX,0,0,0,0,75.83,0.041758242,Friday
ZGNKU4,1,32,87.5,6.25,27.77,0.025396825,Monday
9B2NQX,0,0,0,0,83.85,0,Thursday
HSZGYK,1,41,56.09756098,0,13.73,0.111111111,Monday
FVHPYJ,0,2,50,0,31.04,0,Monday
SKUYV,1,67,25.37313433,8.955223881,85.66,0.11665005,Monday
FCX4A7,1,39,87.17948718,12.82051282,101.64,0.005617978,Monday
2CQ42Z,1,47,0,0,44.94,0.2,Wednesday
9HRV46,1,44,4.545454545,0,50.94,0,Monday
TNDHYE,1,46,4.347826087,4.347826087,56.53,0.142857143,Wednesday
P4SHNX,1,34,23.52941176,8.823529412,41,0,Thursday
,1,47,0,0,121.11,0,Wednesday
XFM2UU,0,0,0,0,129.76,0,Friday
FYKE6T,1,45,4.444444444,0,46.46,0.039591315,Tuesday
9HNPDF,1,16,0,0,49.8,0.111111111,Friday
3PMDNS,0,0,0,0,28.37,0,Wednesday
QDTHZ3,0,0,0,0,27.57,0,Tuesday
85JTA,1,45,2.222222222,0,63.28,0.00877193,Monday
YACQB7,0,1,0,0,87.01,0.083888149,Monday
UA88SV,1,45,11.11111111,0,55.71,0.007594937,Thursday
M43V97,0,0,0,0,30.63,0,Tuesday
BRZQNB,1,38,28.94736842,0,28.7,0.089977221,Wednesday
6GK8ZP,0,0,0,0,26.25,0,Monday
AXS66R,1,72,30.55555556,0,80.06,0.175473579,Monday
C9S2QZ,1,51,19.60784314,13.7254902,53.37,0.122126437,Wednesday
BTE8SJ,1,43,6.976744186,6.976744186,52.63,0.078947368,Tuesday
6C69AH,0,0,0,0,142.5,0,Friday
MFGEYU,0,0,0,0,64.77,0.028169014,Thursday
SBJSTR,0,0,0,0,53.95,0,Tuesday
4P69JL,0,0,0,0,70.83,0.018838305,Monday
Y3Q9RE,0,0,0,0,49.76,0,Friday
SH97N,0,41,21.95121951,0,71.57,0.119047619,Monday
F8CALQ,1,40,5,0,48.29,0,Thursday
AZ48MV,1,39,7.692307692,2.564102564,105.92,0.033333333,Friday
VZSLYC,0,0,0,0,180.43,0.043859649,Friday
9FT8PL,0,0,0,0,151.63,0.057077626,Friday
6B6RCS,0,0,0,0,47.16,0,Wednesday
AL2LGA,0,0,0,0,52.62,0,Wednesday
7VK6PX,1,41,14.63414634,2.43902439,41.29,0,Wednesday
FHKQJY,0,28,21.42857143,0,30.09,0,Thursday
2WCFBU,0,27,62.96296296,0,72.78,0.19047619,Wednesday
BWVPGQ,1,46,4.347826087,2.173913043,103.83,0,Tuesday
X3299E,1,48,10.41666667,8.333333333,132.43,0.052274927,Tuesday
KJ8J2C,0,0,0,0,63.9,0,Tuesday
BJAPV3,0,0,0,0,53.85,0.060803474,Friday
,0,14,100,21.42857143,60.97,0,Tuesday
VJYRQ8,0,0,0,0,48.81,0.244444444,Thursday
3ETY2H,0,0,0,0,67.94,0,Thursday
BSC6KU,1,45,0,0,71.56,0.004201681,Tuesday
ABHHAT,0,0,0,0,49.83,0,Friday
RH5VGB,1,18,0,0,40.97,0.016172507,Friday
ER99UJ,1,53,3.773584906,1.886792453,85.39,0.014828545,Monday
86SLAH,1,38,39.47368421,15.78947368,52.15,0,Thursday
TJJPG,1,31,100,19.35483871,103.97,0.047193878,Thursday
GCXDYV,0,0,0,0,35.82,0.333333333,Tuesday
8REF6A,0,0,0,0,33.81,0.178571429,Thursday
JD489B,1,36,58.33333333,0,30.36,0,Wednesday
Y6C6NW,1,32,93.75,0,74.45,0.009943182,Monday
UDKBWA,1,60,30,8.333333333,147.77,0.122669284,Friday
Z3M84Z,0,0,0,0,16.09,0.034632035,Tuesday
JJH6BE,0,13,100,46.15384615,74.59,0.039864292,Friday
FEUEP6,1,47,4.255319149,4.255319149,48.01,0.006796117,Monday
CGUZKY,1,48,2.083333333,0,228.24,0.075835476,Monday
S6MWEQ,1,48,16.66666667,10.41666667,49.81,0.010861133,Friday
646VZ8,1,16,0,0,79.25,0.333333333,Monday
BCERB3,1,45,8.888888889,2.222222222,50.49,0.074747475,Friday
3EEP8A,1,16,0,0,51.31,0.01980198,Wednesday
3F2G9G,1,45,0,0,41.81,0,Monday
2Z2YX3,1,47,31.91489362,4.255319149,34.51,0.008635579,Wednesday
SHVHNF,1,46,13.04347826,0,48.65,0.022058824,Friday
ESAZ2K,0,0,0,0,59.7,0.108433735,Monday
FWCQ9Y,1,44,45.45454545,11.36363636,54.35,0.051671733,Tuesday
GZVBPC,1,41,29.26829268,4.87804878,50.46,0.016806723,Tuesday
42D2Z3,1,45,6.666666667,2.222222222,25.93,0,Tuesday
4A6UZV,1,16,0,0,57.74,0.068965517,Wednesday
RLV55D,1,44,6.818181818,0,200.24,0,Wednesday
TRAJBC,0,14,14.28571429,0,49.97,0,Monday
6ERUQ9,1,37,70.27027027,0,40.66,0.005082592,Thursday
QQNM35,0,0,0,0,168.93,0.011792453,Monday
K2D4ZQ,0,0,0,0,50.73,0,Wednesday
ZUN4CF,1,52,17.30769231,5.769230769,90.59,0.015544041,Monday
HA7L95,1,51,1.960784314,0,63.53,0.020018198,Wednesday
2DHFAA,1,46,0,0,149.33,0.02917505,Thursday
39CMML,1,42,14.28571429,2.380952381,99.97,0.208333333,Tuesday
6BMRPY,1,47,10.63829787,0,115.96,0.037037037,Monday
H4WLGH,0,0,0,0,27.98,0,Friday
NHKUWG,0,0,0,0,113.96,0,Tuesday
FY7APA,1,49,10.20408163,2.040816327,267.6,0.032620922,Thursday
4SHS8Y,1,45,2.222222222,2.222222222,24.22,0,Thursday
RXMSBK,1,43,55.81395349,11.62790698,151.39,0.031578947,Friday
GHMBPA,1,49,24.48979592,20.40816327,222.53,0.048042705,Friday
D28LME,1,45,13.33333333,4.444444444,56.34,0.125,Thursday
M8Q4EG,1,40,95,60,54.08,0.032838983,Tuesday
65G389,0,0,0,0,124.49,0,Thursday
KVJEXA,0,0,0,0,40.04,0,Thursday
8A342G,0,0,0,0,70.71,0.137030995,Monday
7BB7ZR,1,42,33.33333333,7.142857143,94.99,0.009009009,Wednesday
65EAS4,0,0,0,0,28.05,0,Thursday
3TNEAE,0,0,0,0,163.06,0.01490313,Tuesday
2H4RC9,1,37,51.35135135,0,59.09,0.090909091,Monday
A7364F,1,45,0,0,52.49,0,Tuesday
PBK32R,0,0,0,0,77.01,0.111111111,Friday
7CBQ2W,1,39,20.51282051,10.25641026,38.04,0.091836735,Wednesday
UNMYM8,1,36,94.44444444,36.11111111,62.29,0.050104384,Monday
82Q7J6,1,44,4.545454545,2.272727273,55.17,0,Thursday
GKWDJY,1,46,17.39130435,0,77.39,0.013961606,Wednesday
GMNSTA,1,46,6.52173913,0,129.75,0.087301587,Friday
Y9VA4R,0,0,0,0,55.83,0,Thursday
9P3HVN,0,0,0,0,30.48,0.040816327,Friday
5PS3UW,0,0,0,0,11.85,0,Wednesday
TZNPMU,0,0,0,0,74.48,0,Thursday
BYHM8G,0,0,0,0,25,0,Friday
EC5ERN,1,47,2.127659574,0,38.44,0,Friday
K3R5LT,1,37,56.75675676,0,127.05,0.073463268,Tuesday
WKEJJN,1,45,6.666666667,0,33.74,0,Wednesday
7MMQEQ,0,0,0,0,150.72,0,Friday
WVAKEN,1,65,9.230769231,4.615384615,113.24,0.094777563,Tuesday
K5GVT2,0,0,0,0,148.08,0.055702918,Monday
ZMZ7DK,0,0,0,0,11.75,0,Thursday
Z265R8,1,48,100,43.75,79.84,0.068027211,Monday
T2GYG8,1,45,0,0,97.5,0.142857143,Monday
M8U3QB,0,0,0,0,58.7,0.011484099,Tuesday
LXRHC4,0,0,0,0,27.3,0,Thursday
LNBRUD,1,16,0,0,27.59,0,Tuesday
XLFBDZ,1,45,15.55555556,2.222222222,102.96,0.069284065,Wednesday
CQ3US7,1,16,0,0,51.19,0,Thursday
JKBYXZ,0,0,0,0,71.47,0.041666667,Friday
EGDX6M,0,0,0,0,50.56,0,Wednesday
EN4MUH,1,40,75,17.5,107.77,0.086666667,Friday
Z7ZY9P,1,45,2.222222222,0,72.44,0.05,Monday
ERXWY7,0,0,0,0,40.64,0.142857143,Thursday
FA9CFV,0,0,0,0,148.35,0.064475348,Monday
TGP5A2,0,0,0,0,64.2,0.007587253,Wednesday
FMY3SW,1,49,4.081632653,2.040816327,81.08,0.011755486,Monday
SHU2VD,1,16,0,0,15.21,0,Thursday
H627V9,0,0,0,0,4.49,0,Monday
WFUZ8U,0,0,0,0,43.8,0.014778325,Friday
7W8BMP,1,43,30.23255814,4.651162791,74.38,0.009852217,Monday
QM49AX,0,0,0,0,55.69,0,Friday
JYRLK2,0,0,0,0,71.65,0.011970534,Thursday
9UK7YJ,1,48,16.66666667,0,70.13,0.009287926,Monday
NRB8K8,0,0,0,0,29.59,0,Monday
US5RN,0,0,0,0,46.69,0.017295597,Wednesday
4RAFVU,1,18,0,0,67.82,0.02994012,Friday
GM44U,1,44,59.09090909,29.54545455,57.22,0.033613445,Tuesday
3KYBN3,1,53,15.09433962,3.773584906,119.3,0.075253256,Monday
ETK8AW,1,44,4.545454545,0,55.93,0,Friday
8QBYR7,1,45,0,0,72.81,0,Wednesday
8Z7CKG,0,0,0,0,48.47,0,Monday
Q25K8R,1,16,0,0,148.13,0,Tuesday
UZNQDU,0,0,0,0,70.84,0.076923077,Tuesday
FPHN67,1,46,15.2173913,13.04347826,111.22,0.017977528,Friday
FYHVE7,0,0,0,0,27.57,0.043269231,Friday
SCXMXZ,0,0,0,0,26.32,0.012114537,Thursday
DWPL92,0,0,0,0,79.75,0.018587361,Monday
UWY3KK,0,0,0,0,72.54,0,Monday
UFLLRP,0,0,0,0,64.82,0.027355623,Friday
MEP6FK,1,18,0,0,43.61,0.038461538,Tuesday
WVJJ44,1,52,17.30769231,3.846153846,71.13,0.033630069,Thursday
C3KMVW,1,36,16.66666667,5.555555556,56.77,0.074074074,Tuesday
8PXJ72,1,47,0,0,70.79,0.095238095,Wednesday
L2ZNN,1,16,0,0,40.94,0.088235294,Tuesday
5JR3AY,1,46,17.39130435,6.52173913,82.32,0.041666667,Friday
TWKFUR,0,0,0,0,72.2,0.005390836,Wednesday
4PNN56,1,44,40.90909091,4.545454545,89.79,0.015544041,Thursday
4F3BT2,0,0,0,0,28.62,0.090909091,Monday
RXKZVE,0,0,0,0,91.63,0,Thursday
PPDTZE,0,0,0,0,52.38,0.013333333,Thursday
NX7HYA,1,45,13.33333333,2.222222222,34.95,0.095348837,Tuesday
9XVFJJ,0,3,0,0,99.89,0.008152174,Wednesday
FB4PJW,0,0,0,0,121.61,0,Friday
QL9PSC,1,47,0,0,125.92,0,Thursday
DWGB2Q,0,0,0,0,14.96,0,Thursday
STQ4SH,1,42,16.66666667,7.142857143,50.8,0,Friday
N4VBT7,0,0,0,0,129.44,0.150684932,Tuesday
W3VPAX,1,53,16.98113208,1.886792453,67.59,0.055984556,Monday
R6QJPU,1,87,24.13793103,0,223.44,0.132564841,Monday
7ZCEQN,1,47,6.382978723,4.255319149,81.71,0.007763975,Monday
YL47UD,1,44,77.27272727,6.818181818,185.46,0.077687444,Monday
KCASF,1,51,9.803921569,0,115.79,0.009646302,Tuesday
ZM5BDS,1,41,31.70731707,2.43902439,20.82,0.054421769,Monday
DJ2QXR,1,41,63.41463415,9.756097561,33.07,0.006227758,Friday
2BQXSC,1,18,0,0,52.06,0.357142857,Wednesday
AMT8MV,1,16,0,0,98.3,0,Wednesday
CXPLJB,1,49,65.30612245,0,59.31,0.047389558,Tuesday
VUR4L4,1,41,34.14634146,4.87804878,19.68,0,Thursday
QDG9MY,1,37,72.97297297,8.108108108,106.23,0.05200341,Monday
CHJN4U,1,45,8.888888889,2.222222222,55.26,0.014460512,Friday
AZ8E27,0,0,0,0,73.72,0.095238095,Tuesday
Z54GNQ,1,40,35,10,62.32,0.032292788,Wednesday
9HMVH7,0,0,0,0,11.25,0,Wednesday
JYBHXW,0,0,0,0,59.25,0.017825312,Monday
C9V4MT,1,18,0,0,48.22,0.25,Friday
88JEZ2,1,29,100,0,50.35,0.015384615,Tuesday
FB3GAM,1,40,57.5,7.5,90.62,0.009296149,Wednesday
XZSUKT,1,43,11.62790698,0,83.03,0,Tuesday
NY4TW3,0,0,0,0,91.1,0,Wednesday
JS4MBC,1,37,64.86486486,8.108108108,144.31,0,Thursday
99TK9F,1,38,52.63157895,21.05263158,73.52,0.027190332,Tuesday
5YZ4UZ,1,46,10.86956522,2.173913043,52.86,0.034391534,Wednesday
XJSFYQ,0,0,0,0,44.53,0,Wednesday
3QR9VM,1,49,8.163265306,4.081632653,40.34,0.081318681,Tuesday
RY25HC,1,52,82.69230769,9.615384615,153.76,0.145833333,Monday
LCTQVP,1,44,9.090909091,2.272727273,84.37,0.006012024,Thursday
VGB2M5,0,0,0,0,113.27,0.006934813,Tuesday
C35J8F,1,38,39.47368421,0,58.94,0.010204082,Wednesday
YYDXWL,1,33,42.42424242,27.27272727,70.92,0.136363636,Tuesday
UTPC2U,0,0,0,0,31.64,0,Thursday
DJREAZ,1,40,32.5,0,126.37,0.011494253,Friday
7FE5T7,1,60,36.66666667,1.666666667,112.45,0.088183422,Monday
H3L4LY,0,0,0,0,66.7,0,Friday
Y22C4M,0,0,0,0,79.47,0,Monday
RSGREY,0,0,0,0,97.24,0.105128205,Wednesday
HB9UA9,1,48,4.166666667,2.083333333,51.34,0.018957346,Wednesday
XSDMCQ,0,0,0,0,10.59,0,Friday
YZTLRZ,0,1,0,0,71.37,0.020547945,Monday
HPBZSK,1,45,35.55555556,13.33333333,98.47,0.008264463,Thursday
NHVUPZ,1,35,71.42857143,0,69.88,0.025449102,Friday
VFTJAL,1,49,44.89795918,18.36734694,59.24,0.114688129,Wednesday
BA9WF4,0,0,0,0,102.65,0,Tuesday
9LGVXN,0,0,0,0,23.7,0,Tuesday
4E8TGD,0,0,0,0,26.94,0,Thursday
7PE6AR,1,36,91.66666667,25,92.48,0.027577938,Tuesday
NJPHTE,1,16,0,0,25.52,0,Friday
TGWTW8,1,16,0,0,15.48,0,Monday
M6PGMB,1,46,80.43478261,15.2173913,80.94,0.138033764,Tuesday
VVH4YT,1,44,18.18181818,4.545454545,62.94,0.014285714,Tuesday
4HABM2,0,0,0,0,91.45,0.112903226,Tuesday
HD7NQU,0,0,0,0,36.31,0.00621118,Wednesday
5D8M6S,1,36,0,0,40.02,0,Monday
C3D4QG,1,40,10,2.5,52.28,0,Tuesday
T59R2Q,0,0,0,0,57.52,0.106666667,Thursday
Y3EBM4,1,37,8.108108108,2.702702703,40.02,0,Tuesday
HAQYHL,1,50,30,8,77.21,0.022243714,Tuesday
YDP7LU,1,43,9.302325581,0,25.54,0,Thursday
78EJ95,1,16,0,0,10.84,0,Monday
X2K9MM,1,47,4.255319149,2.127659574,143.94,0.014195584,Tuesday
8KXDU9,0,0,0,0,105.61,0.006681514,Thursday
GJFZFD,1,44,52.27272727,15.90909091,48.95,0.134212568,Thursday
3WU4K3,1,44,6.818181818,6.818181818,62.95,0.002478315,Monday
H5KJWT,1,43,6.976744186,0,63.36,0,Friday
GJ3JA,1,48,18.75,0,122.32,0.090517241,Friday
GFJ5ND,0,0,0,0,50.11,0.03125,Tuesday
3AYRK7,0,0,0,0,64.25,0,Thursday
76LYZC,0,0,0,0,100.9,0.0875,Tuesday
YGQ6U8,1,16,0,0,30.6,0,Wednesday
ECZHGM,1,41,39.02439024,0,41.39,0.011235955,Wednesday
9W38NT,0,0,0,0,53.17,0,Friday
FDJN5T,1,43,6.976744186,0,143.08,0,Thursday
3DFKSX,1,16,0,0,49.66,0,Monday
HTQWKM,0,0,0,0,34.14,0,Thursday
QHYLTG,1,46,6.52173913,6.52173913,56.98,0.025210084,Tuesday
JVU2AH,0,0,0,0,51.73,0.075213675,Tuesday
4DEM7M,0,18,44.44444444,0,126.18,0.082644628,Thursday
93KACP,1,39,71.79487179,10.25641026,81.23,0.044025157,Tuesday
MWGUXQ,1,53,7.547169811,0,81.32,0.011976048,Friday
8WZ8A8,0,0,0,0,31.92,0,Tuesday
FMEFZ7,1,18,0,0,247.34,0.115384615,Wednesday
FFWE4U,1,16,0,0,13,0.058823529,Friday
Q7ACMY,1,16,0,0,58.46,0,Thursday
QADEQT,1,51,9.803921569,7.843137255,59.07,0.056055363,Monday
89SJHQ,1,38,52.63157895,2.631578947,121.99,0.009708738,Thursday
23PPYZ,1,47,0,0,59.12,0.357142857,Monday
YUSMJX,1,44,6.818181818,0,92.64,0,Tuesday
S7DA6V,1,47,0,0,64.18,0.015738499,Monday
2U2U5N,1,44,11.36363636,2.272727273,115.62,0.043222004,Wednesday
WJ6TZ6,0,0,0,0,77.14,0.00257732,Thursday
2MFZ2Z,1,18,0,0,132.15,0.06504065,Tuesday
NNERCU,0,0,0,0,97.81,0,Monday
BJHU3P,1,44,34.09090909,2.272727273,85.14,0.013377926,Thursday
53GLNJ,1,37,48.64864865,2.702702703,75.56,0.029850746,Friday
CSTPVM,1,41,29.26829268,7.317073171,27.57,0.052018634,Monday
MZWZKN,1,43,18.60465116,0,68.47,0,Thursday
YWQWA6,1,44,4.545454545,0,52.77,0,Monday
CAG6MN,1,45,0,0,71.37,0.042857143,Friday
SJG6A3,1,46,6.52173913,0,62.41,0,Tuesday
Z6TXLP,1,47,4.255319149,2.127659574,57.27,0.082105263,Monday
D5RWWS,1,45,0,0,45.1,0.004573171,Wednesday
YPFHGG,1,39,51.28205128,2.564102564,94.88,0.098674521,Monday
MDTUQS,0,12,8.333333333,8.333333333,132.52,0.007880911,Monday
WNJX5U,1,43,4.651162791,2.325581395,52.23,0,Tuesday
TJABJC,1,16,0,0,105.81,0.004514673,Tuesday
9BAVEA,1,47,0,0,91.04,0.023411371,Thursday
ZF8WH5,1,59,10.16949153,0,72.72,0.031403337,Friday
SB6CLC,1,16,0,0,84.04,0.25,Monday
2ZKCEH,0,0,0,0,69.95,0.022277228,Tuesday
9XJUBJ,1,51,64.7058824,21.5686275,67.24,0.06382979,Tuesday
AYXEZU,0,0,0,0,62.16,0.16206897,Thursday
EQMD6P,1,44,15.9090909,2.27272727,133.35,0.28571429,Thursday
ZVUDFU,0,0,0,0,107.14,0.06020942,Wednesday
3WNZ25,1,45,6.66666667,0,10.36,0,Thursday
6HGWRT,0,0,0,0,6.49,0.05405405,Tuesday
VVAPVD,0,2,50,0,61.31,0.01621622,Monday
X83W6Z,1,46,60.8695652,10.8695652,83.84,0.04433888,Monday
U9H9BL,0,0,0,0,46.46,0.02342787,Wednesday
7T6KLW,0,0,0,0,11.78,0,Thursday
RXKEW6,0,0,0,0,18.74,0,Sunday
RSKC66,1,41,9.75609756,0,78.8,0.01704546,Friday
9FYYBH,1,33,66.6666667,3.03030303,59.74,0,Wednesday
4FTCZ4,1,45,8.88888889,2.22222222,72.71,0,Thursday
KXXBVH,1,48,0,0,51.85,0.03181818,Friday
R9X7S5,1,42,66.6666667,0,219.74,0.13333333,Monday
B2W7P3,1,54,55.5555556,5.55555556,68.33,0.1,Tuesday
RPXQ28,1,42,38.0952381,11.9047619,78.1,0.01256983,Friday
9JRWFR,1,42,19.0476191,0,72.46,0.01818182,Thursday
V8QHCX,0,8,25,12.5,40,0,Tuesday
WCQ5GX,1,44,9.09090909,0,60.94,0,Monday
SYPDRT,1,60,6.66666667,3.33333333,65.88,0.03690037,Tuesday
TEX22E,1,45,20,11.1111111,145.84,0,Tuesday
7AQ72R,1,47,95.7446809,10.6382979,51.04,0.06666667,Tuesday
A3R6N6,1,45,0,0,45.44,0.07142857,Wednesday
R2N368,1,56,30.3571429,10.7142857,78.12,0.10577972,Tuesday
U98SCK,1,37,0,0,130.11,0.01910828,Sunday
PQR5YW,1,46,0,0,89.09,0,Thursday
NDUS4V,1,42,54.7619048,7.14285714,41.25,0.12612613,Monday
UZ3WS5,0,0,0,0,74.98,0.10714286,Thursday
4RW78K,1,44,2.27272727,0,50.18,0.04761905,Wednesday
VLYQE8,1,40,17.5,5,29.43,0,Friday
ELR5LG,1,42,83.3333333,9.52380952,54.88,0.04489796,Wednesday
M4HV26,0,0,0,0,63.39,0.08108108,Saturday
TACLL6,1,50,4,0,32.3,0.00921659,Friday
UNRWCJ,1,40,42.5,0,56.84,0,Thursday
WUZW2W,1,35,60,11.4285714,17.54,0.13333333,Monday
TYZ97A,1,45,0,0,78.95,0.25,Tuesday
GA3GTU,1,49,4.08163265,2.04081633,84.12,0.01565558,Friday
ZYMZPY,1,38,21.0526316,7.89473684,29.22,0,Saturday
PBRFEL,1,45,20,6.66666667,72.88,0.02614379,Wednesday
DSDTFH,0,4,0,0,55.95,0,Monday
3747SV,1,45,0,0,50.16,0,Tuesday
2F24F8,1,45,0,0,59.89,0,Thursday
9B7XGY,1,43,16.2790698,2.3255814,50,0,Friday
SBCG2W,1,43,9.30232558,2.3255814,110.16,0.09,Monday
GM3DPG,0,5,60,20,92.86,0,Monday
SJDJUN,1,52,19.2307692,5.76923077,62.13,0.05882353,Wednesday
QERACW,1,45,6.66666667,2.22222222,77.5,0.02173913,Monday
DJTVFV,1,38,0,0,49.54,0.05325444,Sunday
K485AH,0,0,0,0,79.09,0,Wednesday
WRF3TG,1,29,89.6551724,20.6896552,70.22,0.03802281,Sunday
LP2J22,1,20,5,0,89.46,0.01498127,Saturday
E3LWKE,1,48,2.08333333,0,69.38,0,Wednesday
4GNF6X,0,0,0,0,41.24,0,Monday
AP9RWQ,1,30,90,10,94.31,0.02985075,Saturday
KGENRR,1,47,0,0,81.9,0.03603604,Tuesday
XNHR65,0,0,0,0,41,0,Thursday
RVCGAY,1,40,12.5,5,40.02,0,Monday
KS39YR,1,40,22.5,10,163.52,0.02830189,Monday
Q3L2GN,1,49,46.9387755,20.4081633,47.03,0.05818182,Friday
F7X76K,1,31,32.2580645,0,100.32,0.1372549,Wednesday
7RUST2,0,6,16.6666667,0,76.66,0.04489796,Monday
GNUAJ8,1,48,25,12.5,64.15,0,Saturday
6GV5CN,1,45,0,0,52.75,0,Tuesday
37UFUS,0,0,0,0,66.48,0,Sunday
NWDN5K,0,1,100,0,31.67,0.08196721,Monday
SDFXCS,0,10,30,0,68.82,0.02439024,Thursday
ZA6LA4,1,45,22.2222222,0,89.57,0,Monday
9GXQ3J,1,33,57.5757576,0,70,0,Saturday
79XSH6,1,49,4.08163265,2.04081633,104.53,0.05681818,Saturday
S5V9BD,1,44,11.3636364,0,63.84,0.0059761,Friday
T2XNEL,1,45,13.3333333,2.22222222,7.46,0,Wednesday
ZFRP2P,1,41,24.3902439,0,121.68,0,Saturday
VTPFTX,1,57,22.8070175,12.2807018,93.4,0.12773723,Saturday
ZCFQ43,1,54,25.9259259,0,27.32,0.15757576,Monday
YMALXC,1,51,3.92156863,0,95.48,0.0273224,Friday
SRGLRP,1,45,2.22222222,2.22222222,51.44,0,Thursday
ZVTY5Y,1,36,75,22.2222222,55.57,0.03846154,Monday
SZYLP3,1,49,10.2040816,4.08163265,66.43,0.05517241,Saturday
8EPCAJ,1,53,3.77358491,0,65.25,0.04,Monday
C48597,0,13,30.7692308,23.0769231,51.78,0.14285714,Wednesday
XB9DU8,0,6,83.3333333,0,56.48,0,Tuesday
VN3R8N,1,42,30.952381,16.6666667,52.86,0,Wednesday
SMAYZ3,1,51,0,0,86.12,0.0128866,Tuesday
7CNSXW,1,36,33.3333333,0,52.46,0,Tuesday
JQVEKK,1,37,48.6486487,0,45.68,0.03231293,Tuesday
7FEJ8Y,1,33,78.7878788,30.3030303,57.7,0,Sunday
68W8G7,1,52,21.1538462,9.61538462,126.97,0.02681992,Tuesday
KRU4MA,1,45,0,0,46.88,0,Wednesday
5DLVC8,1,44,6.81818182,0,29.12,0,Thursday
RP4RVL,0,0,0,0,155.81,0.05172414,Monday
3QUZNT,1,49,0,0,45.73,0.01041667,Friday
TGEYAU,1,51,3.92156863,1.96078431,30.13,0.03636364,Thursday
D5LCJS,1,45,0,0,164.9,0.01058201,Friday
XQ5DNQ,1,46,21.7391304,0,106.88,0.02325581,Wednesday
55MJDY,1,45,0,0,51.74,0,Thursday
WUABYY,1,43,11.627907,0,77.66,0.06060606,Wednesday
MT6MKD,1,33,57.5757576,0,111.13,0.28571429,Tuesday
ZBLRQX,1,42,26.1904762,2.38095238,41.61,0.01923077,Monday
8JEJAP,1,45,2.22222222,0,112.67,0.21428571,Monday
LKHQAL,1,42,28.5714286,0,73.94,0.14285714,Wednesday
NJGCWE,1,30,100,13.3333333,49.99,0,Saturday
7PGLNB,1,40,7.5,5,224.7,0,Tuesday
RKZJ2F,0,0,0,0,80.58,0,Thursday
H48TEN,1,45,0,0,53.12,0,Monday
MHZ3V9,1,45,2.22222222,0,90.35,0.03571429,Tuesday
Q98U9Z,1,44,9.09090909,2.27272727,28.06,0.13333333,Wednesday
93PF7A,1,45,0,0,52.55,0,Wednesday
FVQVX9,1,50,56,12,79.6,0.12328767,Friday
QEF6HW,0,0,0,0,85.23,0.08888889,Thursday
X8VYGJ,1,47,38.2978723,6.38297872,56.32,0.01872659,Wednesday
AGE5SJ,1,48,0,0,65.98,0.00884956,Monday
ZWZGXQ,1,45,0,0,61.5,0,Thursday
ZDDHUG,1,45,8.88888889,4.44444444,42.87,0,Friday
872G6K,1,39,71.7948718,25.6410256,81.33,0.03679654,Wednesday
68W99Y,1,41,29.2682927,2.43902439,48.02,0.02312139,Friday
MBW7SK,1,45,0,0,41.91,0.06666667,Tuesday
5D9BPN,1,35,82.8571429,0,38.91,0.03571429,Tuesday
PE8TLA,0,0,0,0,41.16,0.01986755,Friday
ECH3RM,1,46,4.34782609,4.34782609,65.73,0.19047619,Wednesday
6JV2LR,1,51,33.3333333,0,134.07,0.04166667,Tuesday
MZ4KS2,0,0,0,0,65.04,0,Tuesday
3JTYMY,1,46,2.17391304,0,69.42,0.05668934,Wednesday
22KC9U,1,51,5.88235294,1.96078431,129.21,0.03431373,Monday
B7JPAA,1,43,6.97674419,0,67.92,0,Thursday
BKUVQL,1,45,2.22222222,0,68.67,0,Monday
CGW5GF,1,43,37.2093023,0,54.81,0,Saturday
HWKXVD,0,0,0,0,122.7,0,Sunday
DDV9XQ,0,0,0,0,71.49,0.08823529,Thursday
AU8PYM,1,47,0,0,54.13,0.03864734,Thursday
72GPBE,1,43,11.627907,11.627907,84.75,0,Wednesday
WJHQH7,0,0,0,0,49.32,0,Wednesday
C7TJMB,1,44,2.27272727,2.27272727,40,0,Saturday
E8RH2T,1,40,20,7.5,51.97,0,Thursday
824KNZ,1,44,6.81818182,4.54545455,88.38,0,Wednesday
TKJFG8,0,8,37.5,0,56.61,0.04545455,Monday
BZXQU2,1,43,6.97674419,2.3255814,211.36,0.01257862,Sunday
QD4ENY,1,43,4.65116279,0,54.34,0.02777778,Thursday
JKGKAY,1,48,20.8333333,8.33333333,66.93,0.03636364,Thursday
GS25JM,1,41,39.0243902,0,293.41,0,Saturday
WSBDBC,1,45,0,0,51.53,0,Thursday
DN8J9F,0,0,0,0,151.56,0,Saturday
6GMXYZ,1,42,50,7.14285714,51.1,0.09157509,Tuesday
6V8YDW,1,45,26.6666667,6.66666667,109.15,0.03731343,Wednesday
8VJMPK,1,48,31.25,16.6666667,65.68,0.0703125,Monday
299YA5,1,48,6.25,2.08333333,69.96,0.04181185,Wednesday
MV4DM2,0,0,0,0,111.31,0.0131579,Friday
UMZSK6,1,47,0,0,113.37,0.19047619,Monday
2TACKD,0,41,4.87804878,2.43902439,93.68,0,Monday
RUY7QF,1,44,2.27272727,0,67.03,0,Wednesday
LZ4YD9,1,45,0,0,101.43,0,Monday
ZVWDSW,1,33,100,36.3636364,74.31,0.00898204,Monday
X7MNLF,0,0,0,0,70.54,0.12037037,Sunday
KZG5XF,0,0,0,0,83.6,0.00287356,Thursday
2YQRG9,0,6,16.6666667,0,78.61,0.02352941,Friday
PQF7D8,1,45,8.88888889,8.88888889,48.13,0.03703704,Friday
GQVZCP,1,46,4.34782609,2.17391304,22.6,0.02054795,Friday
ZG98Z8,1,45,13.3333333,2.22222222,94.35,0,Monday
4MT3VD,1,44,2.27272727,0,118.97,0.66666667,Wednesday
NKZLRR,1,39,28.2051282,2.56410256,52.53,0,Thursday
YWAZXT,1,32,84.375,12.5,54.94,0.02666667,Tuesday
YTR84M,0,9,22.2222222,0,59.61,0,Thursday
96M9NQ,1,27,92.5925926,3.7037037,89.5,0,Tuesday
2FEDWV,1,45,0,0,46.65,0,Friday
4LS82X,0,0,0,0,30.5,0.08571429,Wednesday
RW4KTD,1,31,3.22580645,0,52.34,0.015625,Monday
D2WDP2,1,35,2.85714286,2.85714286,97.48,0,Sunday
X5C7BR,1,48,6.25,0,43.68,0.1440678,Friday
2YDXE4,0,10,10,0,87.56,0.08247423,Thursday
ZE46DD,1,45,0,0,100.29,0,Saturday
8785G5,1,41,58.5365854,0,63.05,0,Tuesday
Q7JT9R,1,45,2.22222222,0,61.65,0,Monday
73FC7M,1,44,15.9090909,0,43.98,0,Monday
WV7YUK,1,45,22.2222222,6.66666667,78.44,0.05722892,Wednesday
E64ZHZ,1,39,25.6410256,7.69230769,81.35,0.04255319,Tuesday
93LLB2,1,42,45.2380952,2.38095238,10.19,0,Thursday
C479F2,1,45,13.3333333,4.44444444,51.65,0,Monday
36NVAG,1,46,39.1304348,2.17391304,94.12,0.12457531,Tuesday
LJRWGT,1,44,20.4545455,0,107.46,0.01923077,Saturday
UW4NJF,0,0,0,0,101.38,0.09923664,Wednesday
DPEF5D,1,41,29.2682927,9.75609756,32.73,0.03125,Tuesday
2K5ETA,1,55,34.5454546,1.81818182,57.31,0.11285267,Wednesday
53C6TL,1,57,47.3684211,24.5614035,47.41,0.12078652,Monday
PAQRD4,1,45,0,0,67.57,0.28571429,Tuesday
RDQ7CV,1,45,0,0,50.45,2,Tuesday
Y47QKG,1,45,0,0,50.65,0,Wednesday
SY7DFF,1,45,0,0,31.26,0,Thursday
8NH5GX,1,35,80,0,36.89,0.0952381,Friday
TDAZR8,1,49,4.08163265,0,111.9,0.01547988,Monday
2CVY3R,0,2,50,0,102.38,0.0158371,Thursday
J7XHWM,0,5,60,0,45.21,0,Tuesday
KEJJRC,1,48,8.33333333,6.25,63.03,0.03680982,Wednesday
47TP9X,1,44,6.81818182,4.54545455,152.94,0.01573034,Sunday
DEXS8V,0,30,33.3333333,3.33333333,38.53,0.0094518,Tuesday
2P4QUU,1,31,90.3225807,9.67741936,49.75,0.01904762,Wednesday
8Q4VAG,1,39,35.8974359,2.56410256,126.61,0,Wednesday
DGVESH,1,45,0,0,53.46,0,Wednesday
PSK964,0,0,0,0,94.82,0.11764706,Friday
K7NC6D,1,52,5.76923077,1.92307692,154.68,0.02910361,Friday
FEGRVG,1,47,4.25531915,4.25531915,500,0.02857143,Wednesday
ETG35K,1,49,8.16326531,4.08163265,57.23,0.01886793,Tuesday
LDY2QY,1,31,77.4193548,3.22580645,49.27,0,Tuesday
VZKB2N,1,46,17.3913044,4.34782609,62.58,0.01298701,Thursday
RZEXD7,1,45,0,0,96.69,0,Thursday
LAYJGC,1,45,0,0,182.71,0,Monday
88KAQ6,1,46,52.173913,17.3913044,110.76,0.07272727,Thursday
BXRMV5,0,16,31.25,0,135.09,0.13492064,Monday
FSD9ER,0,10,20,0,35.88,0,Tuesday
JEP465,1,46,13.0434783,4.34782609,51.3,0.05025126,Tuesday
8YSGMT,0,7,100,0,85.85,0,Monday
DVRMBS,1,47,0,0,111.44,0.05555556,Thursday
CA5YKU,0,0,0,0,45,0,Tuesday
WDW9MZ,1,51,9.80392157,1.96078431,72.22,0.00889454,Friday
NT8EBL,1,45,0,0,99.26,0,Wednesday
HBWLYQ,1,45,4.44444444,2.22222222,52.46,0,Friday
54WKHS,1,47,0,0,63.42,0.02083333,Tuesday
FDBHCB,1,54,14.8148148,1.85185185,50.88,0.04782609,Thursday
9M9CDR,1,41,48.7804878,7.31707317,153.81,0.02277433,Thursday
D7UYGE,0,10,70,0,53.64,0,Tuesday
M9HL6Y,1,48,2.08333333,0,57.51,0.04103344,Tuesday
758UCM,1,44,9.09090909,0,55.51,0,Wednesday
A9WR8E,1,43,18.6046512,0,30.42,0,Tuesday
RPP5HQ,1,36,88.8888889,5.55555556,83.94,0.01408451,Tuesday
AC735W,1,44,18.1818182,6.81818182,30.1,0.05660377,Wednesday
BL9WWD,1,47,25.5319149,0,47.9,0.05015674,Wednesday
BMCWEL,1,44,18.1818182,0,62.12,0.05194805,Thursday
5SHGPH,0,0,0,0,53.88,0,Saturday
V6YN7L,1,39,46.1538462,10.2564103,56.3,0.01428571,Saturday
U5GYED,0,13,7.69230769,0,55.39,0,Tuesday
MNRP2P,1,45,2.22222222,2.22222222,53.12,0,Friday
JAMKC3,0,1,0,0,50.05,0,Tuesday
HJURGR,1,40,37.5,5,60.5,0,Thursday
AVY6WE,1,68,11.7647059,4.41176471,65.15,0.13976706,Monday
CCZER8,1,43,20.9302326,2.3255814,52.91,0.01769912,Wednesday
6VX3KN,1,42,2.38095238,0,49.8,0,Thursday
VGUJBF,1,43,25.5813954,11.627907,35.68,0.05555556,Tuesday
L8M3FR,0,2,50,50,167.16,0.01511879,Wednesday
Z2Y7LX,1,44,6.81818182,0,53.58,0.02597403,Monday
X97TAN,1,45,0,0,40.9,0,Monday
JH7G6U,1,44,81.8181818,6.81818182,73.44,0.04512067,Friday
477PXA,1,44,6.81818182,0,40.42,0.14285714,Wednesday
Y2T4WR,1,45,2.22222222,2.22222222,32.41,0.08571429,Thursday
P9GD24,1,45,11.1111111,2.22222222,84.76,0.15384615,Tuesday
9R4HHY,1,45,0,0,11.25,0,Wednesday
X36N6R,0,2,50,0,139.25,0.10318949,Tuesday
XFK8CE,1,45,4.44444444,4.44444444,49.56,0,Friday
FYZFZK,1,45,4.44444444,2.22222222,115.25,0.02255639,Tuesday
F4TDXG,1,48,8.33333333,6.25,86.19,0.02766798,Friday
HWCAG2,1,39,51.2820513,10.2564103,101.14,0.01705757,Tuesday
N9KXW5,1,44,2.27272727,0,30.89,0.22222222,Friday
TEFC2D,0,0,0,0,70.15,0.00757576,Monday
ZCPP72,1,29,89.6551724,6.89655172,54.31,0,Tuesday
FRMAUN,1,45,0,0,88.47,0,Wednesday
3FZBLD,0,0,0,0,57.19,0,Monday
WSHLKZ,1,37,94.5945946,18.9189189,50.88,0.0375,Friday
3KCTL3,1,38,86.8421053,2.63157895,47.32,0.01005025,Friday
ML9KNH,1,41,48.7804878,14.6341463,31.27,0.05286344,Tuesday
A45BM9,0,3,66.6666667,0,32.25,0.13265306,Tuesday
KQ4JJH,0,1,0,0,78.07,0.02059497,Tuesday
772STT,1,35,51.4285714,0,57.29,0,Wednesday
W5K39R,0,0,0,0,66.42,0.01304348,Friday
ZLWBBL,0,0,0,0,29.35,0.00769231,Wednesday
DTSW75,1,45,8.88888889,2.22222222,148.4,0.02222222,Tuesday
QATGTK,0,3,33.3333333,0,86.17,0.06008584,Wednesday
ZGQMD3,1,39,38.4615385,12.8205128,80.04,0,Saturday
DQJWEJ,0,0,0,0,35.34,0.02173913,Wednesday
9ZCML5,1,55,12.7272727,7.27272727,91.87,0.01369863,Thursday
XUP6SX,1,49,22.4489796,6.12244898,55.08,0.03162055,Tuesday
FTK5TU,1,41,53.6585366,7.31707317,61.78,0.02205882,Thursday
75J3MH,1,45,8.88888889,4.44444444,90.61,0.02298851,Wednesday
6DYDXJ,1,34,5.88235294,0,74.89,0.03125,Sunday
HQB5C6,1,46,10.8695652,2.17391304,75.48,0.02380952,Monday
292EQK,1,37,5.40540541,2.7027027,75.15,0.08988764,Sunday
3XTJP8,1,45,0,0,42.05,0,Friday
57ALKF,1,38,68.4210526,57.8947368,61.94,0.02524544,Friday
2Q7CV2,1,38,71.0526316,15.7894737,115.59,0.03030303,Wednesday
QG9CRT,1,33,6.06060606,0,162.33,0.04477612,Monday
9RG8NQ,1,41,36.5853659,0,93.37,0,Tuesday
E2E4XL,1,67,14.9253731,1.49253731,68.88,0.12626263,Tuesday
9GD2M3,1,35,74.2857143,17.1428571,69.4,0.13636364,Monday
K7C3PB,1,37,45.945946,0,113.82,0.16666667,Tuesday
XPUVL3,1,45,6.66666667,0,76.78,0,Tuesday
9MV24J,1,43,23.255814,0,86,0.01034483,Friday
P4NCCK,1,44,2.27272727,2.27272727,46.87,0,Thursday
PNM88R,1,45,2.22222222,0,89.53,0,Friday
H9LT3B,0,3,100,0,39.5,0.04145078,Tuesday
ZLVYXL,1,46,2.17391304,2.17391304,158.28,0,Thursday
YK5HAU,1,43,11.627907,0,28.35,0,Wednesday
ZJ75BB,1,45,11.1111111,0,57.01,0.19047619,Monday
8U3HBE,1,42,19.0476191,4.76190476,46.12,0,Thursday
7BK2BU,1,50,0,0,54.87,0.06833114,Monday
QEM3C3,1,47,6.38297872,2.12765957,69.75,0.02285714,Monday
DSR7X7,1,46,4.34782609,0,63.12,0,Tuesday
BMTQ25,1,59,42.3728814,28.8135593,160.37,0.17670683,Thursday
MEN63P,1,46,36.9565217,15.2173913,62.39,0.12878788,Tuesday
ZFWEGW,0,3,33.3333333,0,48.44,0.05357143,Tuesday
R6SFSA,0,1,100,0,48.24,0.02893891,Monday
UEVAVJ,1,36,47.2222222,8.33333333,199.38,0.04580153,Thursday
FHZF6X,1,45,24.4444444,11.1111111,46.33,0.02877698,Thursday
DBP8F9,1,41,29.2682927,12.195122,76.48,0.01595745,Tuesday
5Y7UMW,1,35,88.5714286,0,54.43,0,Thursday
U2P4E8,1,51,9.80392157,1.96078431,112.17,0.06871345,Thursday
KP2828,1,46,0,0,89.16,0,Monday
NT7MXD,1,35,48.5714286,0,88.27,0,Tuesday
,0,0,0,0,170.4,0,Thursday
ZBVB7L,1,45,4.44444444,0,136.46,0.02469136,Friday
NLDFTM,1,35,5.71428571,0,76.25,0.05714286,Sunday
9C54NT,1,33,27.2727273,12.1212121,94.78,0.12941177,Thursday
LCK32U,1,45,4.44444444,0,40.93,0,Thursday
EKJSD5,1,45,4.44444444,2.22222222,66.66,0,Wednesday
3HY7HZ,1,45,0,0,139.83,0.00492611,Tuesday
6BMZVS,1,45,4.44444444,0,31.97,0.15384615,Tuesday
7S87GF,0,0,0,0,59.96,0,Saturday
A7EJXB,1,49,10.2040816,0,89.67,0,Tuesday
945XAZ,1,45,2.22222222,2.22222222,45,0,Thursday
F7HTZG,0,3,66.6666667,0,110.39,0.03187251,Thursday
FKUU6S,0,0,0,0,23.6,0,Tuesday
MT5RVQ,0,13,7.69230769,7.69230769,40,0,Monday
TBP6PV,1,46,8.69565217,2.17391304,64.67,0.15662651,Saturday
CX48AK,1,38,89.4736842,23.6842105,152.39,0.03963012,Monday
K8S6B9,1,40,97.5,10,67.23,0.02,Monday
X4YGF5,0,0,0,0,33.34,0,Monday
2MYLLF,1,44,54.5454546,4.54545455,92,0.03525641,Tuesday
VHBBYJ,1,59,30.5084746,8.47457627,57.05,0.13300493,Tuesday
GBT3BQ,1,45,31.1111111,0,38.46,0.04716981,Wednesday
QV5XZ2,1,46,67.3913044,43.4782609,110.39,0.03284672,Thursday
89U7SF,1,44,6.81818182,4.54545455,35.38,0,Tuesday
56HMHE,1,50,46,10,97.06,0.11706349,Thursday
TV5UMP,1,56,3.57142857,0,61.93,0.03069658,Monday
Z3CVCK,0,0,0,0,32.69,0.33333333,Tuesday
5U9XZ4,1,47,6.38297872,2.12765957,125.09,0.01029601,Tuesday
HSDP3L,0,0,0,0,52.77,0,Monday
ZTJTBB,1,41,46.3414634,2.43902439,61.49,0.02142857,Friday
ECLSJL,1,52,36.5384615,23.0769231,57.29,0.03576983,Tuesday
7TPLRP,0,0,0,0,92,0,Tuesday
5J2CXD,1,37,62.1621622,2.7027027,71.99,0.01176471,Monday
HWHBBC,1,36,0,0,39.83,0,Sunday
4R2FQS,0,16,6.25,0,65.09,0.04779412,Monday
GWFWCR,1,43,23.255814,11.627907,57.3,0.06192661,Saturday
2YM8FT,1,44,11.3636364,6.81818182,99.23,0.00841346,Tuesday
SRH6MW,1,46,19.5652174,0,48.81,0,Wednesday
RU4NZG,1,45,0,0,54.36,0.28571429,Wednesday
DBTGYG,1,44,6.81818182,0,72.93,0.00507614,Tuesday
8SY3KL,1,45,6.66666667,0,54.91,0,Wednesday
KS42U8,1,45,0,0,29.34,0.02298851,Saturday
8AWCTV,1,45,0,0,57.83,0,Tuesday
SNS8BE,1,45,0,0,35.38,0.28571429,Wednesday
D67EB8,1,43,23.255814,0,89.79,0,Wednesday
PQC4MJ,1,45,28.8888889,8.88888889,58.68,0.02941177,Wednesday
28CD7Y,1,33,69.6969697,6.06060606,73.82,0.03968254,Saturday
CTXW8A,0,0,0,0,41.08,0,Saturday
E5GLTG,1,43,4.65116279,4.65116279,89.17,0,Saturday
RCBBZC,1,44,75,22.7272727,55.09,0.04603581,Wednesday
H8EVLK,1,40,37.5,0,41.32,0.01162791,Thursday
6N4WGN,1,45,2.22222222,0,82.91,0.01449275,Thursday
B7ETTS,1,37,16.2162162,5.40540541,50.88,0,Saturday
MSWKPC,0,0,0,0,67.73,0.06097561,Saturday
7FMFSW,1,48,18.75,6.25,72.98,0.01967213,Monday
6F43FU,0,29,24.137931,0,54.35,0.03614458,Friday
KX3Q67,1,52,71.1538462,17.3076923,86.43,0.17299578,Friday
2QTNFT,1,46,2.17391304,0,50.82,0.02898551,Thursday
LDE73V,1,45,2.22222222,0,54.01,0,Thursday
FR4ANK,1,47,2.12765957,2.12765957,19.49,0.00869565,Tuesday
WSXCXC,0,2,0,0,49.83,0,Monday
B7NC3X,1,45,4.44444444,0,76.57,0,Wednesday
XR6ZCG,1,39,25.6410256,12.8205128,79.61,2,Thursday
MRVRKH,1,41,60.9756098,14.6341463,104.33,0.01129944,Tuesday
PT58G5,1,53,11.3207547,0,57.88,0.03112841,Thursday
QMD2FE,1,46,21.7391304,6.52173913,71.8,0.12698413,Thursday
GRNVV8,1,45,24.4444444,4.44444444,99.12,0.13380282,Saturday
2GJ5QH,1,45,22.2222222,0,55.9,0.09756098,Monday
XRD68C,1,47,0,0,53.25,0.06372549,Wednesday
FZCS2D,1,54,12.962963,9.25925926,142.53,0.00498753,Wednesday
XVKAWH,1,45,0,0,190.71,0,Monday
FSMGTL,1,47,4.25531915,0,141.61,0.0952381,Saturday
YUEQ7E,1,45,2.22222222,0,54.54,0,Tuesday
YNDLG3,1,45,0,0,101.36,0,Wednesday
ASMU74,1,40,30,5,56.85,0,Friday
U4M82X,0,0,0,0,49.67,0,Tuesday
N6B5SK,0,2,50,0,88.47,0.08411215,Monday
8VHP54,1,45,13.3333333,6.66666667,44.72,0.06,Friday
3P9RCB,0,41,4.87804878,0,59.53,0,Saturday
X6HFM6,1,39,56.4102564,2.56410256,96.47,0,Saturday
E377V5,1,41,34.1463415,4.87804878,62.88,0.01677852,Tuesday
W4B4ML,1,45,0,0,99.22,0,Wednesday
HBZYVV,1,53,26.4150943,5.66037736,210.15,0.00660793,Monday
8UVU3B,0,0,0,0,50.94,0,Thursday
F5THPN,0,3,33.3333333,0,100.27,0,Wednesday
QBX6QF,1,45,28.8888889,13.3333333,96.16,0.12781955,Thursday
5A66VH,1,41,21.9512195,0,55.81,0.11538462,Monday
MUZ2KL,1,30,86.6666667,30,69.78,0,Friday
7ZJWSL,1,45,2.22222222,2.22222222,72.32,0.01744186,Thursday
AN98DQ,1,44,27.2727273,6.81818182,40.09,0.02398801,Monday
63CL4L,1,47,0,0,72.8,0.03809524,Tuesday
E89L49,1,39,20.5128205,10.2564103,59.13,0,Wednesday
4BYMVD,1,45,0,0,60.57,0.4,Thursday
G68J3H,0,0,0,0,19.5,0.00266667,Tuesday
2RCLDQ,1,40,17.5,7.5,89.03,0,Monday
USGPL5,1,45,2.22222222,0,89.2,0,Saturday
96RLLV,0,22,4.54545455,0,141.76,0,Friday
PW6VR3,1,44,9.09090909,2.27272727,231.63,0.125,Saturday
Q5YFD9,1,45,2.22222222,0,100,0,Saturday
3ZDEA8,0,0,0,0,30.1,0,Monday
XQ92PK,1,47,12.7659575,0,94.41,0.03825137,Tuesday
XE9JN5,1,45,4.44444444,2.22222222,48.07,0.02777778,Friday
VTP78H,1,45,0,0,56.66,0.00672646,Thursday
KH37JN,1,45,0,0,18.5,0,Tuesday
9JLX9J,1,46,15.2173913,6.52173913,29.84,0.00814664,Monday
KUMLWN,1,45,2.22222222,0,80.18,0,Saturday
DU2ZL3,0,0,0,0,101.58,0,Thursday
Q4MRCG,1,44,11.3636364,4.54545455,59.68,0.01886793,Thursday
VZ7YNX,1,49,4.08163265,4.08163265,57.69,0.01030928,Saturday
EWPLTG,1,45,11.1111111,2.22222222,89.49,0,Tuesday
GQ38R2,1,45,0,0,60.2,0,Monday
WJGXYX,1,47,10.6382979,2.12765957,67.19,0.01980198,Tuesday
BFHCNK,1,44,9.09090909,2.27272727,56.6,0.00643087,Tuesday
54Z9V7,1,45,6.66666667,0,40.24,0.07142857,Thursday
JUSHJT,1,58,5.17241379,3.44827586,52.38,0.07605178,Monday
UN7E3D,1,44,13.6363636,0,34.93,0,Friday
ZVHUHA,1,46,15.2173913,0,59.52,0.08108108,Thursday
YHSDDD,1,45,0,0,86.57,0,Thursday
T5GGFZ,0,0,0,0,209.7,0.04022989,Thursday
RYXH59,1,44,25,4.54545455,47.57,0.06756757,Monday
CKPSDA,0,0,0,0,59.85,0.12,Tuesday
6WWKQQ,1,45,2.22222222,0,58.3,0.02105263,Wednesday
LEARY6,1,44,6.81818182,0,36.24,0,Wednesday
XL22UJ,0,0,0,0,389.78,0.22222222,Wednesday
CJFKLK,1,14,35.7142857,7.14285714,35.88,0,Monday
ZN5YEG,0,6,50,0,61.18,0,Thursday
JVCPST,1,37,2.7027027,0,62.82,0,Thursday
YAM6CY,1,43,30.2325581,2.3255814,70.03,0.06024096,Thursday
LRW8FA,1,39,43.5897436,0,32.85,0.13888889,Monday
,1,42,26.1904762,2.38095238,73.96,0,Tuesday
Q5UZZG,1,47,27.6595745,2.12765957,123.26,0.03412969,Friday
YFV9L2,1,45,0,0,52.98,0.05555556,Saturday
QAYKJQ,1,36,0,0,68.2,0.01360544,Sunday
TXSTGB,1,45,2.22222222,0,52.03,0,Tuesday
QB4NS6,1,44,18.1818182,0,132.45,0.10344828,Thursday
YZ2ZF3,1,51,29.4117647,1.96078431,100.32,0.02259036,Tuesday
KQD3GP,1,49,6.12244898,0,75.39,0.09090909,Tuesday
55HB4C,1,45,0,0,17.57,2,Wednesday
ZB6EQL,1,46,4.34782609,0,57.69,0.04255319,Thursday
74T8WS,1,35,17.1428571,5.71428571,62.63,0.09375,Wednesday
P3UR3S,1,52,42.3076923,9.61538462,83.37,0.10191083,Friday
6Q46LX,0,0,0,0,53.1,0.03816794,Monday
J2C9T5,1,42,16.6666667,2.38095238,49.41,0.13333333,Wednesday
TNKPL9,1,47,0,0,80.64,0.02621723,Wednesday
47KEY3,1,50,20,10,161.07,0.08794788,Tuesday
84RSBV,1,51,7.84313726,7.84313726,79.12,0.08730159,Monday
8XF44P,0,4,75,0,37.55,0,Wednesday
7MMZ9W,1,56,5.35714286,0,92.07,0.0483871,Friday
VANM44,1,29,58.6206897,0,89.88,0,Saturday
ZXU7MQ,1,55,7.27272727,5.45454546,81.24,0.0099889,Friday
ZRD4GE,1,49,24.4897959,12.244898,54.4,0.02884615,Wednesday
R5P3RC,1,51,19.6078431,7.84313726,32.52,0.01098901,Friday
3N3YA3,1,45,11.1111111,0,17.83,0.0310559,Thursday
JQ5DL3,0,0,0,0,75.09,0.04447853,Monday
3W7J7T,1,50,2,2,129.18,0.01587302,Tuesday
KTC5SQ,1,44,15.9090909,0,65.07,0.4,Wednesday
7V55UR,1,42,26.1904762,4.76190476,83.17,0,Monday
QRWPX7,1,32,40.625,0,40.03,0.14814815,Sunday
YSMSEA,1,44,15.9090909,2.27272727,57.11,0,Thursday
NPWEQH,0,11,27.2727273,0,51.38,0,Monday
S2EP2U,1,37,62.1621622,2.7027027,89.23,0,Saturday
FMLA3X,1,45,0,0,60.83,0.1875,Monday
75F5NG,1,38,5.2631579,0,55.57,0.06504065,Sunday
SYYNMT,0,0,0,0,291.72,0.04152249,Monday
PFNSJQ,1,45,2.22222222,0,23.71,0,Thursday
ATUCSF,1,40,17.5,2.5,57.4,0.01595745,Saturday
YXQCG2,1,38,39.4736842,10.5263158,55.41,0,Friday
HVK4VW,1,42,54.7619048,4.76190476,67.4,0.05382436,Saturday
4YXUPK,1,37,43.2432432,13.5135135,83.16,0.02479339,Monday
PU5AMR,1,50,2,0,33.68,0.02380952,Tuesday
7WN8X5,1,36,13.8888889,0,85.27,0,Sunday
F8CVJ5,1,45,11.1111111,0,40.75,0.01041667,Tuesday
TS5K8B,1,43,11.627907,2.3255814,31.98,0,Wednesday
D4RNQF,1,45,42.2222222,17.7777778,177.42,0.09375,Tuesday
M6EDJR,1,45,2.22222222,2.22222222,50.92,0,Wednesday
NUPSBS,1,43,44.1860465,11.627907,110.12,0.08476659,Tuesday
BGD377,1,46,8.69565217,2.17391304,85.33,0.02037037,Friday
GS6B5T,1,33,63.6363636,0,111.89,0,Friday
EU9GHY,1,25,80,4,184.83,0.02150538,Wednesday
EBVF8B,1,58,24.137931,10.3448276,105.03,0.07142857,Monday
WP8XH3,1,38,5.2631579,5.2631579,82.82,0,Tuesday
N5DFH8,1,31,96.7741936,19.3548387,126.24,0.06122449,Thursday
E4S8Y7,1,50,12,12,54.27,0.02811245,Wednesday
WBKKFE,1,53,83.0188679,16.9811321,73.53,0.1040724,Tuesday
FQ7PKK,1,46,4.34782609,0,72.92,0.03773585,Thursday
6P34ZY,1,47,17.0212766,6.38297872,122.52,0.03061225,Monday
3GFMYZ,1,44,75,2.27272727,50.94,0.05016722,Wednesday
ANNNFE,0,7,14.2857143,0,88.99,0,Saturday
ZPXPTQ,1,45,4.44444444,0,32.34,0,Saturday
JNQND9,0,0,0,0,59,0.00859599,Sunday
N8QDSW,1,33,48.4848485,3.03030303,57.66,0.1076555,Sunday
2RMC2Y,1,50,8,4,61.92,0.00823045,Thursday
JSVZWB,1,44,9.09090909,0,61.88,0.02777778,Wednesday
WDGED6,1,42,59.5238095,4.76190476,87.02,0.04824561,Monday
CBPCX5,0,17,52.9411765,23.5294118,48.94,0.08510638,Wednesday
BBYBBJ,1,45,0,0,20.99,0,Tuesday
T7XFLY,0,0,0,0,50.45,0.03735144,Monday
RT7XY9,1,55,18.1818182,0,147.64,0.02028398,Thursday
J2UPYP,1,45,2.22222222,0,54.21,0,Friday
XLNAXE,0,2,50,0,49.35,0.18181818,Tuesday
4DQYCT,1,35,28.5714286,0,62.49,0.00568182,Sunday
X72JNP,1,45,0,0,103.03,0,Saturday
PBPJWF,1,44,27.2727273,2.27272727,97.03,0,Saturday
NCL8UH,0,44,4.54545455,4.54545455,79.73,0.06403415,Monday
87WHHM,1,44,22.7272727,0,99.99,0,Wednesday
5MLEQD,1,45,2.22222222,0,115.58,0,Saturday
U9MGGT,0,0,0,0,105.05,0,Saturday
YRDG5G,0,0,0,0,57.88,0.03076923,Sunday
PK9VKH,1,45,6.66666667,2.22222222,51.32,0,Thursday
DCLLF5,1,44,6.81818182,2.27272727,53.65,0,Tuesday
RE65ST,1,45,6.66666667,2.22222222,14.19,0.06976744,Friday
B9ZX9Y,1,42,11.9047619,0,90.9,0,Tuesday
TUX67U,1,44,61.3636364,6.81818182,67.99,0.032,Friday
C2S4MD,1,30,100,3.33333333,71.82,0.04225352,Thursday
W2PXFN,1,45,0,0,79.62,0,Saturday
XLMF7K,1,46,15.2173913,0,49.36,0.02857143,Friday
RXGVE8,1,45,0,0,103.56,0.18181818,Friday
JJQRGF,1,61,27.8688525,6.55737705,83.74,0.11226852,Tuesday
TBUE65,1,30,60,0,72.08,0,Tuesday
V22ANA,1,34,47.0588235,2.94117647,166.67,0.0125523,Monday
YKT78G,1,45,17.7777778,0,53.98,0,Monday
6SELRM,0,0,0,0,31.74,0.05263158,Friday
9MNU8W,1,38,36.8421053,2.63157895,121.93,0,Tuesday
TPRPQP,1,49,42.8571429,14.2857143,110.87,0.13157895,Wednesday
XNPNZY,1,44,4.54545455,0,61.8,0,Thursday
2RE79T,1,47,2.12765957,2.12765957,60.32,0.0065703,Monday
EKJCF4,1,46,4.34782609,2.17391304,66.32,0.02137767,Tuesday
N5KY9Z,1,40,75,22.5,107.02,0.03303303,Monday
ZW5M4C,1,41,39.0243902,0,59.31,0,Monday
T2WL45,1,45,0,0,61.51,0,Wednesday
FQ9362,0,0,0,0,31.06,0,Saturday
D7N4LR,1,45,13.3333333,2.22222222,87.25,0,Thursday
PDDVV4,1,45,6.66666667,2.22222222,69.77,0.01529052,Thursday
DLLHQY,0,0,0,0,54.93,0,Friday
MBGXBW,1,51,15.6862745,1.96078431,75.63,0.02006689,Thursday
TNGY6G,1,36,0,0,79.41,0,Sunday
JNUA7K,1,42,35.7142857,0,30.97,0,Friday
HDUH92,0,1,0,0,46.91,0.1,Wednesday
JYCSP9,1,41,17.0731707,4.87804878,28.39,0.03846154,Tuesday
K8LWMS,1,47,0,0,68.54,0.01138952,Thursday
889HPW,0,8,100,12.5,35.5,0.01886793,Monday
2KPXZN,1,50,14,0,38.55,0.06285714,Wednesday
QHB4MU,1,42,35.7142857,11.9047619,45.88,0,Tuesday
HCM5YE,1,45,0,0,55.65,0,Monday
TUH6ET,0,15,6.66666667,0,91.27,0.05833333,Tuesday
GPCQP6,1,40,35,10,65.25,0.06,Tuesday
LW6KBB,1,33,87.8787879,3.03030303,61.61,0.10175439,Thursday
ZGZRAD,1,45,4.44444444,0,45.65,0,Wednesday
T359L3,1,44,61.3636364,25,146.6,0.02185792,Tuesday
RWMZG4,1,40,50,12.5,58.28,0.00943396,Tuesday
R3MRMQ,1,34,85.2941177,2.94117647,104.11,0.13636364,Friday
NWC7BJ,1,36,2.77777778,0,94.75,0,Friday
JFYDTR,1,45,0,0,79.75,0,Thursday
YSGFGT,1,47,4.25531915,4.25531915,145.51,0.04568528,Monday
WAV7GU,1,53,3.77358491,1.88679245,67.67,0.04975923,Tuesday
V2WMWM,1,37,81.0810811,16.2162162,52.7,0.02150538,Tuesday
6FFMGD,1,29,68.9655172,6.89655172,85.47,0,Sunday
MF58YA,1,51,5.88235294,3.92156863,66.58,0.01728395,Friday
X3NTJU,0,0,0,0,180.7,0,Wednesday
PVE2ZC,1,39,82.0512821,28.2051282,74.61,0.07026144,Tuesday
6ADMGL,1,43,23.255814,0,58.87,0.28571429,Thursday
KNKLWA,1,44,4.54545455,0,53.79,0,Monday
VQ4NFW,1,47,0,0,63.23,0.05415163,Wednesday
XBQAET,0,5,100,0,209.29,0.03529412,Monday
NWX2WR,1,41,19.5121951,2.43902439,43.24,0.01595745,Friday
J3GK8D,1,42,45.2380952,14.2857143,75.9,0.11299435,Wednesday
4DVQKN,0,0,0,0,79.68,0.05240175,Friday
KNJEQ7,1,49,6.12244898,2.04081633,100.68,0.01772152,Monday
XGULBF,1,49,67.3469388,10.2040816,207.53,0.09587379,Thursday
R93B7Y,1,37,67.5675676,0,24.66,0,Thursday
GXD9G6,1,42,57.1428571,2.38095238,39.23,0.11594203,Thursday
5YAHH6,1,39,46.1538462,20.5128205,126.85,0.02192983,Saturday
WWW956,0,15,80,20,69.8,0.08090615,Tuesday
2XHGVH,1,43,20.9302326,2.3255814,62.94,0.02614379,Wednesday
HKKJCA,1,32,90.625,3.125,165.76,0.14851485,Tuesday
JWTL8W,1,46,34.7826087,26.0869565,82.59,0.06488011,Wednesday
8NWPYR,1,45,4.44444444,4.44444444,29.52,0.11111111,Thursday
MUB4LS,1,44,4.54545455,2.27272727,31.76,0.00869565,Monday
JMNFPX,1,55,98.1818182,20,131.99,0.14576962,Wednesday
BJL8EE,1,45,0,0,48.79,0,Saturday
KCP3LW,1,39,17.948718,10.2564103,84.04,0,Thursday
9GGHAP,1,46,23.9130435,6.52173913,41.09,0.01675978,Tuesday
965GB3,0,30,30,0,110.91,0,Thursday
6W3SB7,1,48,2.08333333,2.08333333,71.94,0.03053435,Friday
C356WR,1,39,53.8461539,2.56410256,41.97,0,Monday
JMUA2D,1,56,7.14285714,0,135.57,0.04458599,Monday
G3CUJB,1,45,0,0,84.4,0,Wednesday
YQ289X,1,48,10.4166667,6.25,60.7,0.01515152,Wednesday
J9X77P,1,45,4.44444444,0,167.12,0,Monday
EYPEWW,1,45,4.44444444,2.22222222,54.98,0.18181818,Thursday
QAV2J6,1,43,9.30232558,2.3255814,26.64,0.14285714,Wednesday
YA4LAC,1,47,8.5106383,0,160.59,0.01623377,Monday
WGSFFD,0,0,0,0,66.25,0.16666667,Wednesday
QZ63L3,1,48,47.9166667,12.5,67.75,0.02862254,Monday
4XTFLK,1,50,38,16,71.33,0.06015038,Saturday
6QK235,0,16,6.25,0,49.05,0.14285714,Friday
VP6ZGP,1,45,15.5555556,0,79.7,0.0877193,Friday
D8P9XL,1,31,74.1935484,35.483871,66.19,0,Tuesday
32JJJF,1,35,94.2857143,42.8571429,232.6,0.02884615,Monday
WAE9ZX,1,39,30.7692308,12.8205128,50.29,0,Saturday
TEVQ4P,1,40,5,0,52.72,0,Wednesday
E8PXW6,1,42,92.8571429,16.6666667,196.06,0.05434783,Monday
PM3HS3,1,41,19.5121951,12.195122,58.5,0.1,Wednesday
VDFD2E,1,45,8.88888889,4.44444444,51.76,0,Tuesday
BABLXJ,0,0,0,0,55.31,0,Monday
BK9RJF,1,38,10.5263158,2.63157895,50.32,0,Tuesday
USPR8L,0,8,62.5,0,67.49,0.14754098,Saturday
7NQH62,1,37,29.7297297,0,96.43,0.09836066,Sunday
L4J4BK,1,55,27.2727273,14.5454546,38.96,0.16666667,Thursday
THLTZ7,1,47,4.25531915,0,117.74,0.28571429,Saturday
N9VME7,1,40,37.5,10,89.78,0,Wednesday
WLJYBG,1,44,2.27272727,0,90.06,0,Thursday
K34PV6,0,2,100,0,129.35,0.09090909,Tuesday
UXWWD9,1,43,6.97674419,4.65116279,85.67,0,Saturday
DTLY7Z,1,40,97.5,22.5,91.87,0.10204082,Wednesday
SN6B45,1,50,4,0,50.63,0.07051282,Saturday
SAC5P6,0,0,0,0,93.87,0.02228826,Tuesday
XXV3R3,1,43,100,30.2325581,83.34,0.04012346,Friday
69J9J4,0,8,37.5,0,50.74,0,Wednesday
6SADBZ,1,39,23.0769231,12.8205128,69.74,0.01769912,Thursday
YHNLJC,1,49,51.0204082,24.4897959,61.88,0.13793103,Wednesday
G8VB6J,1,31,35.483871,0,40.02,0,Monday
BTXU34,1,45,2.22222222,0,107.8,0,Tuesday
97XPC2,1,49,8.16326531,2.04081633,104.26,0.09242144,Tuesday
3JZYA4,1,37,62.1621622,0,98.35,0.13333333,Wednesday
5QC7HX,1,56,28.5714286,10.7142857,39.66,0.14444444,Monday
ZBQPLJ,1,48,29.1666667,6.25,112.01,0.03483871,Monday
HYQS9B,0,0,0,0,53.35,0,Monday
CUWDMF,1,53,18.8679245,3.77358491,61.95,0.01855288,Wednesday
527RWA,0,0,0,0,46.64,0.00664452,Thursday
HQEB88,1,63,42.8571429,6.34920635,119.46,0.06839378,Tuesday
NPZXLS,1,46,2.17391304,0,42.54,0.04819277,Friday
N9PCUH,0,0,0,0,19.34,0.03278689,Friday
LU3MQN,1,44,11.3636364,6.81818182,57.63,0.0625,Saturday
A85EQ2,1,58,8.62068966,3.44827586,79.54,0.03407155,Thursday
UXFG4R,1,47,0,0,90.95,0.04975124,Monday
5WQWRW,1,35,91.4285714,5.71428571,100.51,0.08900524,Wednesday
U3QJAR,1,54,3.7037037,0,46.86,0.016,Wednesday
D4RWUP,0,0,0,0,48.2,0,Thursday
X5Z662,1,47,6.38297872,0,79.6,0.03424658,Thursday
GWXWC9,1,46,6.52173913,0,41.44,0.05555556,Wednesday
D2J9SV,1,43,30.2325581,13.9534884,57.64,0.02214452,Friday
XDU8Q5,1,30,80,6.66666667,107.55,0,Wednesday
Q7D73U,1,35,74.2857143,8.57142857,72.04,0,Wednesday
F3FDGL,0,12,25,0,99.92,0.10828026,Thursday
F6Y89C,0,0,0,0,104.8,0.01101322,Monday
88KFX2,0,0,0,0,41,0,Thursday
TXVD5G,1,48,0,0,42.47,0.0299572,Friday
28BN8W,1,45,20,8.88888889,42.5,0.07142857,Wednesday
5DPF2X,1,45,0,0,50.03,0,Tuesday
6K7NYN,1,35,5.71428571,2.85714286,27.79,0,Thursday
5FGWQM,1,45,0,0,17.79,0.02985075,Monday
YXCCC2,1,48,2.08333333,0,165.95,0.07692308,Monday
7HKY4X,1,44,9.09090909,2.27272727,110.3,0.02816901,Thursday
ZPQGWT,1,48,4.16666667,4.16666667,48.46,0.0212766,Friday
KMM23K,1,43,9.30232558,0,70.05,0,Thursday
U8PTB3,1,44,43.1818182,4.54545455,88.35,0.07692308,Monday
6BSD45,1,36,0,0,91.69,0,Sunday
EWB8JM,1,45,24.4444444,0,78.04,0,Friday
6UHCDX,1,32,18.75,0,50.92,0,Thursday
RKWHHH,1,35,77.1428571,8.57142857,58.17,0.31930693,Monday
D3JFPM,1,41,41.4634146,7.31707317,62.96,0,Wednesday
AAGCXZ,1,48,8.33333333,0,94.47,0,Thursday
EZB53G,0,4,0,0,50.73,0,Tuesday
KY3TCJ,1,44,15.9090909,0,90.18,0,Thursday
4NV823,1,35,40,2.85714286,13.25,0,Friday
TKBGRF,1,46,8.69565217,6.52173913,87.49,0.03947368,Wednesday
QKG8ZQ,1,44,4.54545455,2.27272727,63.02,0,Friday
AXM6TW,0,28,50,25,56.93,0.05882353,Wednesday
KSJXX3,1,36,38.8888889,8.33333333,44.8,0.15,Tuesday
Y473HR,1,48,2.08333333,0,66.49,0.02614379,Friday
9RQUY7,1,50,22,12,48.11,0.00828157,Thursday
XGXCBG,1,45,0,0,97.01,0,Saturday
E935C8,1,41,19.5121951,7.31707317,21.29,0.01058201,Tuesday
M8AM2G,0,0,0,0,89.63,0,Friday
SFTM7Y,1,51,39.2156863,0,112.2,0.03744493,Tuesday
GA68UP,1,47,10.6382979,4.25531915,36.16,0.04193139,Wednesday
963SKR,1,44,29.5454546,11.3636364,35.95,0.00629723,Tuesday
QJEFPC,1,41,43.902439,2.43902439,80.94,0,Thursday
QW2NHP,1,48,22.9166667,8.33333333,112.74,0.01604278,Wednesday
CBAK42,1,39,35.8974359,2.56410256,86.59,0,Monday
8QY7G9,0,0,0,0,57.74,0,Monday
YHT59D,1,55,41.8181818,9.09090909,69.36,0.01543943,Friday
3WSRPN,0,4,25,0,89.23,0,Saturday
7RQ5E8,1,54,29.6296296,24.0740741,53.91,0.14084507,Tuesday
BNA666,1,48,6.25,0,50.55,0,Wednesday
FR5JWJ,1,50,30,14,31.94,0.03149606,Monday
RWR9ZM,0,0,0,0,43.43,0.00837989,Friday
4HLGVK,1,40,90,5,84.91,0.03846154,Tuesday
SD68KX,1,45,17.7777778,0,55.08,0.05263158,Saturday
T5U4FZ,0,0,0,0,79.48,0,Tuesday
B7WGK5,0,31,16.1290323,3.22580645,128.71,0.18088737,Friday
BBNG5G,0,5,100,20,44.66,0.11111111,Monday
ETHHRT,0,0,0,0,50.38,0,Tuesday
TUKNC5,1,45,0,0,101.03,0,Thursday
JS6KUJ,1,46,26.0869565,2.17391304,58.4,0.66666667,Monday
YKKTC9,1,35,40,20,99.39,0,Thursday
CXTDPR,1,45,4.44444444,4.44444444,77.49,0,Tuesday
T52Y9G,1,42,35.7142857,0,28.92,0,Wednesday
3V7R2C,1,31,100,29.0322581,55.98,0.00626959,Wednesday
W89VNG,0,8,12.5,0,492.7,0.14285714,Sunday
3F5NBF,1,44,15.9090909,0,38.44,0,Monday
JBV7LR,1,45,17.7777778,2.22222222,56.84,0.09859155,Monday
AT4T6U,1,31,90.3225807,0,51.29,0.01675978,Wednesday
XS7G4X,1,29,75.862069,10.3448276,60.26,0.01242236,Monday
7S435X,0,19,10.5263158,0,97.52,0,Tuesday
DVJ6B9,1,48,2.08333333,0,46.39,0.072,Tuesday
G6KRZT,1,42,40.4761905,0,59.2,0.03886926,Thursday
N6WJV8,1,46,8.69565217,2.17391304,50.73,0.0234375,Monday
EUYBSJ,1,46,4.34782609,2.17391304,55.95,0.00928074,Monday
76WW3U,0,0,0,0,29.96,0,Thursday
BKF5QV,1,38,5.2631579,2.63157895,70.68,0.01083424,Tuesday
XU57CQ,1,45,0,0,50.47,0,Monday
S5V2E5,1,57,49.122807,45.6140351,129.33,0.13392857,Tuesday
74KBVV,0,0,0,0,47.34,0.04878049,Wednesday
BM5E6N,1,46,2.17391304,0,54.88,0.14285714,Monday
XUDPDQ,1,34,11.7647059,0,252.3,0,Friday
VD5PJT,1,48,75,4.16666667,186.75,0.04950495,Tuesday
MBDEW3,1,35,57.1428571,2.85714286,62.82,0,Monday
36QABE,1,44,52.2727273,34.0909091,45.81,0.03519062,Thursday
UUN9DC,1,27,59.2592593,0,90.75,0,Friday
WSJSHU,1,44,6.81818182,2.27272727,32.32,0,Wednesday
SH6P2T,1,44,9.09090909,2.27272727,69.27,0,Wednesday
U7VYJU,1,44,50,31.8181818,39.41,0.0196802,Tuesday
B9J93H,1,51,72.5490196,15.6862745,112.37,0.05576208,Friday
NKD436,1,45,8.88888889,6.66666667,51.74,0,Friday
ZK7ENK,0,11,81.8181818,0,38.9,0.06832972,Wednesday
4XRLAW,1,57,12.2807018,7.01754386,169.9,0.11093248,Friday
Y2EQZR,1,45,0,0,60.72,0.25,Wednesday
Z2TAVE,0,7,42.8571429,0,35.65,0.01518027,Tuesday
CCDZUF,1,54,31.4814815,5.55555556,79.03,0.11734694,Wednesday
APQ8CH,1,28,78.5714286,32.1428571,111.11,0.01157407,Sunday
YTBEXS,1,45,0,0,92.49,0.00550964,Monday
WN3CWZ,1,60,13.3333333,1.66666667,116.47,0.12867012,Monday
KKLDTM,1,56,5.35714286,0,133.49,0.11042945,Monday
8A3CDV,1,45,2.22222222,0,91.17,0,Tuesday
SLXFYC,1,47,42.5531915,6.38297872,56.85,0.01980198,Friday
SSWS94,1,47,34.0425532,8.5106383,48.64,0.02145923,Thursday
LVESX8,1,45,2.22222222,0,28.24,0,Tuesday
A8XRNE,0,0,0,0,53.1,0,Saturday
65BNHK,1,35,80,34.2857143,49.91,0.0242608,Friday
NTH8TU,0,7,57.1428571,14.2857143,50.9,0,Thursday
KVYSBU,1,38,78.9473684,2.63157895,68.8,0.01593626,Monday
HBHEAQ,0,7,28.5714286,14.2857143,100.94,0.02016129,Thursday
YG5JW6,1,45,0,0,53.28,0,Wednesday
CGAP8Q,1,50,18,8,52.81,0.04990403,Thursday
K3LFWX,1,44,2.27272727,2.27272727,57.43,0.33333333,Friday
DFZVQT,1,46,2.17391304,2.17391304,80.56,0.03521127,Monday
JMHC4V,1,51,13.7254902,1.96078431,57.2,0.02054795,Tuesday
7PVFFU,1,47,0,0,79.83,0.10152284,Saturday
29TSEE,1,41,19.5121951,4.87804878,21.61,0.01574803,Wednesday
65QWL3,0,0,0,0,113.65,0.00539084,Thursday
J7XNWQ,1,52,19.2307692,3.84615385,221.76,0.02666667,Friday
96WGPQ,0,18,0,0,40.02,0,Monday
3PHH7N,1,45,0,0,60.79,0,Thursday
6ZVG5E,1,46,13.0434783,0,85.16,0.03125,Wednesday
6CXQA2,0,0,0,0,188.22,0.01639344,Thursday
56D3T3,1,44,29.5454546,0,115.71,0,Wednesday
3SY3SC,0,0,0,0,36.68,0,Tuesday
BH7LKT,1,32,34.375,15.625,28.16,0,Thursday
BGUK4E,1,35,74.2857143,11.4285714,46.63,0.0464455,Thursday
SFNE2K,1,48,31.25,10.4166667,50.5,0.06451613,Tuesday
STPV2A,1,38,7.89473684,0,47.43,0,Sunday
HVFFPN,0,0,0,0,51.93,0,Monday
A55CZZ,1,41,48.7804878,41.4634146,73.65,0.01813472,Wednesday
4JYKA4,1,36,91.6666667,22.2222222,23.07,0.02745665,Wednesday
MZ6XWN,1,46,2.17391304,2.17391304,73.82,0,Thursday
AU6DRN,1,45,2.22222222,2.22222222,50.77,0,Wednesday
LJE6QP,1,48,18.75,4.16666667,49.76,0.02717391,Friday
CPHWT3,1,43,23.255814,0,62.48,0.02721088,Tuesday
TB3GY9,1,33,90.9090909,6.06060606,50.77,0,Monday
2TP9AK,0,0,0,0,46.99,0.02479339,Sunday
45K8UN,1,44,2.27272727,2.27272727,140.45,0.00865801,Thursday
KKB7FQ,1,45,0,0,24.58,0,Tuesday
QV42C6,0,3,100,0,77.05,0.05263158,Wednesday
S2XWUS,1,45,2.22222222,0,63,0,Saturday
6LF8FU,1,47,12.7659575,0,46.48,0.02826087,Tuesday
JB9QFY,1,32,100,0,70.73,0.08796296,Monday
CT2GKF,0,23,13.0434783,0,24.87,0.11904762,Monday
ZK9KKT,0,0,0,0,48.38,0.04651163,Wednesday
LZK8G2,1,29,75.862069,6.89655172,127.06,0,Saturday
WFJM5B,1,30,23.3333333,0,61.83,0,Tuesday
KCAJCP,0,0,0,0,57.92,0.00677966,Thursday
458KS2,1,45,8.88888889,6.66666667,32.42,0.10344828,Thursday
9WM2EM,1,41,97.5609756,12.195122,51.37,0.025,Monday
Q6LDBU,1,45,8.88888889,0,53.46,0,Thursday
MQCH4U,1,44,4.54545455,2.27272727,40.96,0.02631579,Thursday
9LYBE4,1,38,44.7368421,0,45.74,0.02816901,Tuesday
DJ328K,1,41,24.3902439,0,100.53,0,Saturday
JSQ562,1,34,94.1176471,5.88235294,59.39,0.04333868,Friday
M7ZRRL,0,0,0,0,55.09,0.08333333,Friday
58Q2EE,1,33,72.7272727,3.03030303,27.65,0,Thursday
CGLH47,1,56,82.1428571,19.6428571,99.51,0.12285714,Wednesday
RL44WS,1,45,0,0,72.04,0.0952381,Tuesday
YSCRP6,1,43,9.30232558,2.3255814,40.34,0.05263158,Saturday
JZSVF5,1,42,50,4.76190476,211.08,0.01667875,Friday
P2CFQF,1,52,26.9230769,11.5384615,66.51,0.05330882,Tuesday
R5D5U4,1,51,0,0,58.31,0.01408451,Tuesday
EYPXCE,0,32,3.125,0,81.35,0,Wednesday
EU784B,0,33,21.2121212,0,68.26,0,Wednesday
95UG7V,1,45,0,0,55.28,0.09375,Tuesday
74YWNZ,0,3,33.3333333,0,47.14,0.05333333,Sunday
NC7Z34,1,44,2.27272727,2.27272727,89.7,0,Tuesday
7K5MML,1,44,6.81818182,0,74.02,0,Tuesday
QZMMNW,0,7,100,0,53.4,0.01298701,Monday
LUMBDC,0,0,0,0,276.75,0,Monday
AN8867,1,48,2.08333333,0,57.54,0.01602564,Thursday
ZN655L,0,8,12.5,0,98.8,0,Thursday
7MZS6E,0,0,0,0,121.7,0.00417362,Tuesday
3ZVWZ3,1,26,80.7692308,26.9230769,57.68,0,Monday
BVCYJV,1,48,0,0,181.4,0.12910798,Friday
MYG6AU,1,44,2.27272727,2.27272727,92.49,0,Wednesday
D2JABG,0,0,0,0,45.17,0.03899721,Tuesday
4VCU9P,0,0,0,0,54.49,0,Wednesday
WEKYZV,0,0,0,0,71.27,0,Wednesday
9BR72G,1,38,47.3684211,0,140.63,0,Saturday
X6Z2KK,0,0,0,0,42.11,0.00536193,Thursday
RUN67L,1,47,4.25531915,0,91.16,0,Wednesday
M979VS,1,49,24.4897959,6.12244898,100.03,0.1031746,Monday
NWMBYZ,0,12,8.33333333,0,50.84,0.01550388,Thursday
FARQ5M,1,45,0,0,71.83,0,Tuesday
H4YG5W,1,47,0,0,49.39,0.10526316,Thursday
S8YHNV,1,42,30.952381,9.52380952,57.1,0.14285714,Monday
8TUGV6,1,45,0,0,8.29,0,Wednesday
65KBK2,1,45,0,0,89.78,0,Tuesday
4RYWN9,1,44,70.4545455,6.81818182,56.28,0.0166113,Monday
9F77M5,1,44,40.9090909,15.9090909,83.43,0.08059211,Monday
GZ8GB8,0,0,0,0,61.21,0.05096154,Wednesday
R2PFNP,1,41,21.9512195,7.31707317,51.67,0,Wednesday
5JQMCR,0,2,100,50,157.97,0.04341534,Friday
NS3UGZ,1,46,2.17391304,0,129.45,0.04385965,Friday
ZNGEN4,1,45,0,0,53.27,0,Wednesday
PSWS6P,1,36,0,0,58.54,0,Monday
SE38L6,1,45,0,0,30.2,0,Friday
PHVZE6,1,34,67.6470588,38.2352941,45.79,0.01133145,Thursday
84A3CA,0,2,100,0,94.48,0.05006105,Friday
ZP97E5,1,45,13.3333333,0,51.19,0,Wednesday
CZKWXY,1,47,8.5106383,4.25531915,55.22,0.0625,Wednesday
K34G4T,1,36,11.1111111,0,79.21,0,Tuesday
BXSGFH,1,47,21.2765957,2.12765957,58.85,0.01351351,Friday
6JY4T5,0,28,0,0,46.29,0,Tuesday
2CLXKA,1,44,18.1818182,0,77.35,0.01098901,Tuesday
CXL5HF,0,0,0,0,63.71,0.04201681,Friday
6SM89K,1,37,54.0540541,0,39.4,0.00271986,Tuesday
T2WE3K,1,45,64.4444444,6.66666667,75.59,0.08333333,Thursday
YNGS4W,1,45,2.22222222,0,105.42,0.14285714,Wednesday
9F9KE3,1,45,51.1111111,15.5555556,59.17,0.02333333,Thursday
7P5ED3,1,33,24.2424242,0,88.59,0,Sunday
QQHKZA,0,33,6.06060606,3.03030303,37.91,0,Wednesday
CG5CWF,1,46,10.8695652,0,63.76,0.01074499,Friday
D452JP,1,45,4.44444444,0,52.62,0,Tuesday
8SGJ9D,0,28,3.57142857,0,154.73,0.0234987,Monday
FDHDUH,0,0,0,0,50.83,0.2,Thursday
DY6ZMJ,1,45,2.22222222,2.22222222,86.74,0,Saturday
FB58TK,1,35,5.71428571,5.71428571,79.75,0,Sunday
AGXGUU,0,4,75,25,87.89,0.00704225,Tuesday
55EKAU,1,43,0,0,73.03,0.07142857,Wednesday
4WFXE4,1,51,19.6078431,5.88235294,49.26,0.01764706,Tuesday
8YBRUC,1,39,51.2820513,10.2564103,83.5,0.03174603,Thursday
V57KSF,1,45,8.88888889,8.88888889,55.7,0.00816327,Friday
58J4RJ,1,65,24.6153846,9.23076923,97.67,0.22009569,Tuesday
MANSAC,1,44,13.6363636,0,130.18,0.05263158,Friday
LTP77L,1,51,5.88235294,3.92156863,66.42,0.03078556,Monday
TTUJ2B,1,45,97.7777778,60,117.17,0.09247649,Tuesday
DVT3HW,1,45,0,0,35.44,0.42857143,Monday
5NWD8G,1,44,2.27272727,0,30,0,Thursday
ZASUN6,1,40,27.5,0,102.25,0.05633803,Thursday
769GKX,1,31,96.7741936,6.4516129,50.71,0.02173913,Wednesday
WEU4ZS,1,48,12.5,0,15.92,0.12700229,Friday
NGZC3X,1,51,31.372549,7.84313726,72.71,0.01347305,Tuesday
TGDRNU,0,17,5.88235294,5.88235294,51.51,0.33333333,Friday
MAASYB,0,6,16.6666667,16.6666667,46.34,0.05633803,Tuesday
ABA5EQ,1,48,31.25,8.33333333,66.43,0.08571429,Sunday
NHPU2Z,0,2,50,0,84.2,0.09450727,Tuesday
6QA3GE,1,44,2.27272727,0,83.93,0,Wednesday
DR8FVB,1,45,0,0,55.43,0,Tuesday
76BWD4,1,44,2.27272727,0,57.49,0,Friday
37ET4,1,56,7.14285714,1.78571429,100.88,0.04648391,Monday
CPE5JA,0,38,7.89473684,0,114.36,0,Monday
KVNLBU,1,55,1.81818182,0,78.96,0.06401945,Tuesday
5N9DCQ,1,45,0,0,33.61,0,Friday
METRUY,1,58,3.44827586,3.44827586,48.8,0.03178484,Monday
WXTDJK,0,0,0,0,24.3,0.02857143,Wednesday
KXMUVX,1,42,26.1904762,0,57,0,Thursday
HYQYH6,1,35,80,37.1428571,194.89,0.04626709,Tuesday
496LW7,1,45,0,0,148.84,0.02380952,Friday
MLH8A7,1,44,4.54545455,4.54545455,101.4,0,Monday
SNZQUY,0,4,50,0,51.95,0,Wednesday
VWT3WF,0,0,0,0,47.19,0,Friday
JK6AAE,0,4,25,0,56.76,0.05050505,Tuesday
E6EAHU,1,44,29.5454546,4.54545455,131.04,0.08333333,Monday
XW2AMV,1,44,2.27272727,0,98.11,0,Saturday
UMCQKN,1,36,11.1111111,5.55555556,108.91,0.07407407,Monday
R6HLPE,1,43,16.2790698,0,86.35,0.02307692,Monday
VSVVPD,1,47,2.12765957,0,166.75,0.02061856,Friday
FPEAB4,0,0,0,0,92.1,0,Thursday
CH6XVV,1,45,0,0,78.5,0.02631579,Monday
LFLV3Q,0,0,0,0,46.88,0.1875,Monday
7MF5DY,1,31,29.0322581,19.3548387,40.8,0,Wednesday
X347PC,1,44,68.1818182,31.8181818,33.36,0.0210177,Wednesday
HHMXDJ,1,42,16.6666667,7.14285714,18.53,0,Thursday
DHUVRN,0,0,0,0,24.8,0.11148649,Thursday
XLEQS4,1,46,13.0434783,6.52173913,21.45,0,Friday
Y7MMJL,1,48,2.08333333,0,124.05,0.01845019,Thursday
MFK4FQ,1,42,26.1904762,14.2857143,80.47,0.0086741,Wednesday
6YKDBN,1,40,45,7.5,49.43,0.125,Wednesday
6Z45W3,1,45,13.3333333,0,53.81,0,Saturday
3SQNRW,1,44,6.81818182,0,73.56,0,Friday
B35UBX,1,51,9.80392157,0,70.61,0.03669725,Monday
TFY9YH,1,43,32.5581395,9.30232558,145.96,0.01057402,Thursday
2VRTS6,1,45,0,0,19,0.28571429,Wednesday
S62UT5,1,33,69.6969697,9.09090909,54.64,0.07142857,Thursday
QFVQEW,1,44,40.9090909,0,92.47,0.09433962,Saturday
ZK24QZ,0,0,0,0,64.04,0.03773585,Tuesday
6A58E3,1,44,9.09090909,2.27272727,65.78,0,Tuesday
PGJ5NZ,1,45,0,0,45,0,Saturday
HD45ND,1,48,39.5833333,4.16666667,101.84,0.00713649,Wednesday
F7XSHC,0,11,27.2727273,0,57.13,0.08,Wednesday
V8E4HC,1,35,62.8571429,20,86.22,0.02469136,Monday
J4SY7Q,1,45,2.22222222,0,59.19,0,Wednesday
SAP4EQ,1,44,2.27272727,0,60.03,0,Thursday
ULDU2D,1,42,21.4285714,2.38095238,89.75,0,Tuesday
9CQSGX,1,46,0,0,80.64,0,Thursday
6PNE2Z,1,47,0,0,119.15,0.10309278,Saturday
TMD43H,0,0,0,0,125.43,0,Friday
KTG6P6,1,45,0,0,22.61,0,Wednesday
K5ZLPU,1,45,8.88888889,0,70.84,0.03146853,Friday
MC4S94,1,38,86.8421053,13.1578947,98.82,0.02994012,Tuesday
J3CB27,1,39,64.1025641,0,79.56,0.05292479,Friday
6LCT7E,1,45,2.22222222,0,71.12,0.11111111,Saturday
GLVMU8,1,36,0,0,86.43,0.0952381,Sunday
ZFUXCX,1,54,31.4814815,9.25925926,99.47,0.10583153,Saturday
J4SP6S,1,42,30.952381,4.76190476,124.18,0,Wednesday
7EYBGH,1,55,7.27272727,1.81818182,41.91,0.04020101,Monday
HQXERD,1,37,40.5405405,2.7027027,62.62,0.09166667,Monday
XKJ8P7,1,45,0,0,47.5,0.01818182,Thursday
KR8TMH,1,45,13.3333333,2.22222222,99.86,0.06288033,Friday
YZJTZS,1,45,0,0,35.67,0,Monday
KF4XM3,1,45,0,0,81.37,0,Thursday
H5F8KR,1,46,4.34782609,0,75.69,0.05613306,Monday
DYBC7V,1,45,11.1111111,2.22222222,46.33,0,Tuesday
H33MUJ,1,36,52.7777778,33.3333333,59.08,0,Saturday
F48SSE,1,55,70.9090909,10.9090909,48.66,0.16032609,Tuesday
KCQQ79,1,53,28.3018868,3.77358491,45.77,0.13333333,Tuesday
7997N3,0,0,0,0,89.93,0,Wednesday
6Q3CJA,0,0,0,0,25.27,0.11111111,Tuesday
J7MQWY,1,44,2.27272727,2.27272727,52.41,0.01595745,Saturday
C7V93E,1,43,25.5813954,0,77.12,0,Wednesday
LYWZQ4,1,61,32.7868853,13.1147541,138.3,0.12681159,Monday
EKHNUS,1,47,0,0,44.31,0.02547771,Wednesday
FM3MFN,0,0,0,0,26.66,0.02469136,Thursday
28ANRB,1,47,4.25531915,0,61.89,0.10526316,Thursday
9D6K6D,0,0,0,0,43.75,0.1875,Friday
EJ8JHS,1,45,0,0,52.2,0,Tuesday
M45JE4,1,48,8.33333333,6.25,214.42,0.00674916,Tuesday
BQHTA2,0,2,50,0,106.45,0.08333333,Monday
Y8S4CM,1,34,58.8235294,2.94117647,32.73,0.00900901,Monday
C9GAG4,1,41,34.1463415,7.31707317,40.3,0.0112782,Tuesday
68PL27,1,48,2.08333333,0,115.4,0.01626016,Tuesday
2VYRQK,0,16,6.25,0,33.83,0,Friday
83G9WJ,1,46,15.2173913,8.69565217,158.56,0.0619469,Monday
FRM7P5,1,45,0,0,98.67,0.2,Wednesday
YMSV23,1,54,7.40740741,3.7037037,103.75,0.02545825,Tuesday
P9GEDC,1,50,38,16,97.78,0.113381,Wednesday
HZD7BM,1,40,42.5,2.5,40.52,0.05714286,Wednesday
2DQSPQ,0,0,0,0,42.29,0,Tuesday
CYZVEU,1,38,0,0,38.06,0.13793103,Wednesday
MB2YU,1,35,45.7142857,8.57142857,59.17,0.02071346,Tuesday
Z44WNR,0,0,0,0,52.71,0,Monday
NLFZGA,0,8,0,0,96.9,0,Tuesday
EE2XY9,1,45,0,0,72.66,0,Tuesday
Y9PK9J,1,45,53.3333333,15.5555556,65.78,0.02453988,Thursday
S498DQ,1,45,0,0,18.33,0,Wednesday
QDVMPM,1,48,62.5,18.75,93.93,0.02109705,Saturday
JP6EPL,1,46,0,0,45.54,0.00684932,Friday
XETDVT,1,48,2.08333333,0,83.45,0,Saturday
2WQX6T,0,16,12.5,0,67.13,0.13580247,Wednesday
PAEWQF,0,0,0,0,88.46,0,Thursday
XRL6C8,1,37,67.5675676,8.10810811,56.28,0.0112835,Tuesday
T7UHVF,0,0,0,0,51.73,0.02020202,Tuesday
KXNPDT,1,66,27.2727273,15.1515152,153.06,0.11988582,Tuesday
66X4Y8,1,52,1.92307692,0,81.42,0.018,Tuesday
E9DJQE,1,48,2.08333333,0,182.18,0.07058824,Tuesday
Q7BP5L,0,42,11.9047619,2.38095238,58.6,0.02494331,Tuesday
W746G2,1,40,45,0,64.53,0.00502513,Tuesday
5Z8K4X,1,47,4.25531915,0,71.79,0.02380952,Monday
FWNKZ2,1,56,10.7142857,1.78571429,89.35,0.04081633,Monday
GJQ9N2,1,43,74.4186047,18.6046512,112.24,0.09375,Wednesday
H7CB3L,1,41,19.5121951,2.43902439,27,0,Thursday
WQF8TP,1,43,41.8604651,2.3255814,47.32,0.1,Wednesday
RCTG3V,1,45,0,0,21.98,0.11111111,Friday
NGKAW7,1,56,0,0,81.53,0.08637236,Tuesday
PDAM6M,1,39,43.5897436,0,88.69,0.02419355,Tuesday
ZPJADN,0,0,0,0,7.29,0,Monday
W5M73K,1,36,19.4444444,2.77777778,59.58,0.04166667,Sunday
7B24BL,1,46,6.52173913,0,22.06,0.03505535,Wednesday
L5XYZY,1,47,0,0,25.24,0.05760369,Tuesday
RSTCFZ,0,0,0,0,70.74,0,Friday
TRAEEG,1,40,40,7.5,69.13,0.01983003,Tuesday
4MZPS6,1,52,1.92307692,0,108.05,0.00772798,Friday
58TTPM,1,36,2.77777778,2.77777778,85.39,0.06053269,Sunday
RVH9NL,1,36,44.4444444,16.6666667,54.88,0,Monday
SQVWZR,1,45,0,0,114.33,0.33333333,Monday
8VHPRF,1,46,8.69565217,2.17391304,56.23,0.06293706,Tuesday
9JSCYL,0,21,14.2857143,0,60.01,0,Tuesday
XYPJZT,1,42,7.14285714,4.76190476,69.02,0,Thursday
QA2YGP,1,45,15.5555556,0,43.29,0.02597403,Thursday
3XSA5R,0,0,0,0,79.62,0,Thursday
2FZW7P,0,0,0,0,89.88,0,Monday
LN7YEZ,1,48,6.25,4.16666667,53.95,0.05882353,Friday
GHBNTK,1,45,0,0,25.08,0,Tuesday
QNB3CK,0,9,33.3333333,11.1111111,48.77,0.01408451,Thursday
3NNYH8,1,43,18.6046512,0,94.08,0.01426025,Thursday
PL2CHF,1,40,30,2.5,65.98,0,Monday
RZ4CUQ,1,17,94.1176471,0,77.64,0.01734104,Wednesday
D566Q6,0,12,25,0,40.25,0,Monday
JFXEDT,0,0,0,0,76.82,0.06586826,Sunday
EER4H6,0,0,0,0,54.02,0,Tuesday
AK2GCH,1,45,0,0,56.84,0,Monday
AVP25J,1,46,2.17391304,0,62.44,0.01904762,Monday
97EYVT,0,11,54.5454546,9.09090909,81.06,0.0631579,Thursday
XL7KTG,1,44,4.54545455,0,8.2,0,Wednesday
HALUU9,1,47,12.7659575,2.12765957,73.36,0.01219512,Monday
F9RKHY,1,44,13.6363636,6.81818182,33.81,0,Wednesday
XYLXJ7,1,49,8.16326531,0,74.85,0,Thursday
H6NGJT,0,0,0,0,103.34,0.01388889,Sunday
AU75HK,1,47,6.38297872,4.25531915,133.35,0.017,Monday
S2Z92G,1,45,6.66666667,0,39.76,0.04054054,Saturday
YZ9UX6,0,0,0,0,53.19,0,Thursday
M5J75S,0,0,0,0,54.62,0.00493827,Thursday
2TJ2TZ,1,47,2.12765957,0,67.83,0.66666667,Thursday
LLJMW4,0,15,13.3333333,0,56.71,0,Saturday
YS2ANT,1,45,8.88888889,4.44444444,103.68,0.05263158,Friday
Z4RN5F,0,0,0,0,62.87,0.06464647,Thursday
86R8E2,1,45,0,0,91.09,0,Thursday
WXCBND,1,40,10,2.5,58.85,0.02479339,Friday
CE4CQ9,1,45,6.66666667,4.44444444,56.54,0.03333333,Wednesday
C56A8D,1,45,0,0,58.43,0.04545455,Thursday
G2HH9Q,1,43,30.2325581,0,145.02,0.13793103,Wednesday
E72EL7,1,45,2.22222222,0,92.88,0,Wednesday
CKRSLL,1,51,11.7647059,0,93.57,0.07284768,Saturday
395L9H,1,44,18.1818182,6.81818182,44.08,0.09923664,Thursday
H36RNA,1,43,11.627907,9.30232558,29.06,0.01632653,Monday
YNPV7L,0,0,0,0,53.4,0,Thursday
AS4H5S,1,51,11.7647059,3.92156863,134.93,0.12020033,Monday
7L6NEP,1,45,6.66666667,0,11.99,0.05263158,Wednesday
EHE8UL,1,39,46.1538462,15.3846154,57.83,0.0212766,Tuesday
8AMGE8,1,48,0,0,82.58,0.10495627,Wednesday
SH7VXJ,1,45,0,0,37.96,0,Wednesday
79JYV9,1,45,0,0,52.35,0,Monday
V8ENQ6,1,44,11.3636364,0,57.54,0.01,Monday
DVFF7U,1,46,73.9130435,2.17391304,81.64,0.07964602,Friday
S4BHHK,0,0,0,0,63.67,0,Friday
NNGHYM,0,0,0,0,80.97,0,Tuesday
A8SEHE,1,49,18.3673469,4.08163265,52.54,0.01737242,Thursday
6YP5VU,1,45,4.44444444,0,51.3,0,Tuesday
LHPQ9N,1,44,4.54545455,0,78.66,0.13333333,Saturday
4VPB9Y,0,0,0,0,90.01,0.02666667,Wednesday
NSALDW,1,45,2.22222222,0,44.44,0,Friday
SK2WGZ,0,0,0,0,54.05,0.0106383,Friday
HPYKTQ,1,49,2.04081633,0,74.07,0.02307692,Tuesday
6MBU45,1,49,26.5306122,10.2040816,63.31,0.02040816,Tuesday
U74E96,0,15,80,20,39.94,0.06132076,Friday
F578BC,1,56,26.7857143,12.5,100.82,0.04716981,Monday
624BVN,1,39,53.8461539,7.69230769,54.19,0.05555556,Friday
SFLJRJ,0,0,0,0,73.25,0.05572755,Tuesday
CWKB9D,1,45,4.44444444,0,33.36,0.02857143,Tuesday
94KGK2,1,44,6.81818182,0,99.77,0,Thursday
M33GDX,1,48,4.16666667,2.08333333,52.74,0.00686813,Thursday
98WB7R,1,59,27.1186441,1.69491525,67.24,0.08599509,Tuesday
WLHPAN,1,32,90.625,0,63.16,0.01086957,Friday
TJR7NM,1,46,10.8695652,0,39.48,0,Thursday
5HQ6L2,1,59,16.9491525,1.69491525,90.23,0.15821678,Monday
ECSWLK,1,48,10.4166667,2.08333333,45.86,0.04597701,Thursday
H8GJY8,1,45,8.88888889,4.44444444,67.73,0.5,Tuesday
YGUATF,1,44,6.81818182,0,26.1,0.07142857,Thursday
PKHQ8R,1,34,70.5882353,5.88235294,24.19,0,Thursday
3GDPEX,1,32,18.75,12.5,56.99,0,Thursday
PSR4RA,1,38,63.1578947,0,42.34,0.11764706,Monday
VB4H22,0,0,0,0,93.02,0,Tuesday
JXSV29,1,52,5.76923077,5.76923077,79.77,0.01591696,Monday
9UZKQ4,1,44,9.09090909,2.27272727,90.91,0,Monday
SLPLSV,1,43,58.1395349,11.627907,56.42,0.02564103,Friday
KQSNPE,1,39,35.8974359,2.56410256,54.79,0,Wednesday
X83J2P,1,34,61.7647059,0,140.45,0.03340757,Tuesday
2NC35N,1,41,36.5853659,0,56.3,0,Friday
4L4DRS,1,66,28.7878788,4.54545455,26.98,0.12254902,Tuesday
YBYARR,0,10,50,0,140.07,0,Tuesday
48FVHV,1,52,40.3846154,19.2307692,108.69,0.12059369,Thursday
DPH8CL,0,6,33.3333333,0,43.7,0.16666667,Wednesday
GN5AMG,1,39,92.3076923,17.948718,105.87,0.0082531,Wednesday
PFVCPH,1,44,31.8181818,6.81818182,36.72,0.03935185,Wednesday
5V2C3P,1,38,55.2631579,2.63157895,92.58,0,Tuesday
FJYRUL,1,46,4.34782609,0,104.49,0.02688172,Thursday
QGSKG5,0,0,0,0,162.85,0,Wednesday
F9SNV3,0,0,0,0,62.7,0.01377411,Friday
DR2LAE,1,49,6.12244898,2.04081633,75.08,0.01368159,Monday
T364ZQ,0,11,9.09090909,0,59.33,0,Wednesday
RUTEDB,1,45,2.22222222,0,49.67,0.00477327,Thursday
G7ZR7N,1,55,12.7272727,1.81818182,71.43,0.04895105,Monday
JBQBS5,1,45,0,0,45.59,0.2,Thursday
4DYQVU,1,45,22.2222222,0,98.42,0,Wednesday
DGBQL9,0,0,0,0,60.13,0.10735826,Wednesday
FQE36W,1,59,33.8983051,11.8644068,60.93,0.12954546,Monday
SJM5FK,1,32,100,40.625,96.15,0.00824742,Friday
KPXS6N,0,12,83.3333333,0,51.42,0.02608696,Thursday
CDZCD5,1,49,8.16326531,2.04081633,57.95,0.01028807,Tuesday
29PEUC,1,45,2.22222222,0,32.93,0,Thursday
2W8SCE,1,40,0,0,99,0,Monday
Y79C3C,0,0,0,0,105.61,0.03076923,Tuesday
AJM57Q,1,45,26.6666667,2.22222222,63.01,0.01974448,Tuesday
36UTS3,1,48,33.3333333,8.33333333,54.48,0.01147541,Thursday
6DVKNG,1,55,7.27272727,1.81818182,87.9,0.045,Friday
NL69V8,1,49,0,0,59.85,0.01791045,Monday
SURTJC,1,40,25,0,46.12,0,Thursday
DJKRSZ,1,46,17.3913044,4.34782609,59.54,0.05376344,Monday
T9N377,1,49,10.2040816,2.04081633,50.05,0.03478261,Saturday
BGTS66,1,40,65,17.5,68.23,0.015625,Monday
D7QKNQ,1,44,2.27272727,0,124.98,0,Monday
9KMX4B,0,0,0,0,22.21,0.03263403,Monday
YDVH8Q,1,25,16,8,90.06,0,Tuesday
4322N3,1,45,2.22222222,2.22222222,96.51,0,Monday
UHUDJA,1,45,4.44444444,0,65.11,0.02479339,Thursday
2RZUZY,1,35,68.5714286,2.85714286,49.98,0.02222222,Tuesday
7VE975,1,33,93.9393939,6.06060606,52.17,0.01158301,Monday
F5HUE9,1,49,6.12244898,2.04081633,41.85,0.00487805,Thursday
66UL6P,1,50,4,4,91.35,0.02692308,Tuesday
GJE3M,1,32,93.75,0,108.77,0.00724638,Tuesday
56HGLJ,1,45,2.22222222,0,50.43,0,Saturday
2QMBXR,1,40,20,5,51.65,0,Tuesday
UWCLJR,1,40,50,25,34.93,0.02020202,Wednesday
MJL4UK,1,45,8.88888889,0,90.78,0.01313869,Tuesday
E5T7NC,1,45,0,0,51.48,0,Wednesday
M522KN,1,45,0,0,88.16,0.12,Tuesday
ETM7XK,1,42,7.14285714,0,99.41,0.15384615,Wednesday
QXBH4L,1,40,17.5,0,51.23,0,Monday
QLEM23,1,43,58.1395349,39.5348837,65.23,0.01749271,Thursday
ENU5TQ,1,31,96.7741936,16.1290323,87.64,0,Tuesday
SF6FJA,1,54,22.2222222,5.55555556,172.62,0.17142857,Thursday
T73C6P,1,46,2.17391304,2.17391304,67.99,0.04761905,Tuesday
RWAFQT,1,45,0,0,23.87,0,Monday
YGZUJR,1,49,34.6938776,10.2040816,99.9,0.03542234,Tuesday
PRFSDQ,1,36,72.2222222,5.55555556,55.19,0.08333333,Friday
CF5SWX,1,38,78.9473684,39.4736842,45.95,0.02040816,Saturday
PD6APT,1,41,34.1463415,2.43902439,18.51,0.02325581,Wednesday
24CZJM,1,46,6.52173913,2.17391304,64.33,0,Thursday
TANK83,1,47,10.6382979,2.12765957,81.54,0.02522936,Tuesday
4ULW64,1,45,46.6666667,4.44444444,54,0.09230769,Saturday
TAZUVN,1,41,36.5853659,2.43902439,133.04,0.14285714,Monday
5H8W6N,1,45,2.22222222,0,41.64,0.08571429,Wednesday
6A5ZY9,1,35,100,22.8571429,80.58,0.0212766,Thursday
B2FN9Q,1,49,10.2040816,4.08163265,83.64,0.04140787,Friday
B2EDAW,0,0,0,0,48.22,0,Tuesday
T5GJPE,1,45,28.8888889,11.1111111,35.84,0.05405405,Tuesday
ZBUQDN,1,43,16.2790698,0,53.03,0,Friday
3B8L7U,1,50,6,4,100.39,0.01438849,Friday
8HWH82,1,47,4.25531915,0,140.46,0.02164502,Monday
YJ88SK,1,45,4.44444444,0,48.55,0.4,Monday
RLZSCW,1,47,0,0,66.02,0.04404145,Thursday
EG3CDG,1,42,11.9047619,0,76.37,0.00530035,Monday
NZJGQ2,0,0,0,0,62.76,0.08108108,Tuesday
VPVQM6,0,23,0,0,82.89,0,Wednesday
UTUDBH,1,47,4.25531915,2.12765957,57.73,0.07741936,Friday
DGL6ER,1,39,51.2820513,0,75.82,0.02666667,Monday
Q2CK55,0,4,100,0,92.18,0.01146789,Thursday
UEZ5RU,1,44,2.27272727,0,32.4,0,Friday
3RDVDB,1,38,34.2105263,0,52.84,0.18181818,Thursday
2U65G6,1,46,71.7391304,23.9130435,85.56,0.1002004,Wednesday
MQZ9XX,1,31,70.9677419,0,20.61,0,Tuesday
N87XYD,1,42,42.8571429,0,47.72,0.15909091,Monday
P36HP5,1,44,4.54545455,2.27272727,80.71,0.0952381,Friday
Z9PXHX,0,0,0,0,53.58,0,Tuesday
JYRVRC,0,14,50,7.14285714,35.44,0.10493827,Tuesday
7A3PU9,1,44,15.9090909,0,50.33,0,Wednesday
K9C8XF,0,0,0,0,66.16,0.09375,Tuesday
QZ2UQ4,1,51,11.7647059,9.80392157,58.27,0.01607445,Wednesday
NFJMF6,1,44,6.81818182,0,51.97,0,Friday
YRF9FJ,1,38,65.7894737,2.63157895,66.15,0.03960396,Thursday
WHSQY9,1,51,27.4509804,13.7254902,81.94,0.04181185,Tuesday
P7G5V9,1,44,2.27272727,0,40,0,Saturday
ES6KXG,1,46,8.69565217,8.69565217,95.83,0.06607143,Friday
U2K5HC,1,54,11.1111111,0,217.43,0.12121212,Friday
W4UBXE,1,52,0,0,91.21,0.0284006,Monday
CLHN8M,1,46,69.5652174,21.7391304,76.86,0.05172414,Tuesday
6LBNUJ,1,49,10.2040816,10.2040816,53.11,0.01785714,Thursday
E5ENZM,1,45,0,0,89.89,0,Saturday
EQRYYW,1,35,85.7142857,2.85714286,33.03,0.04918033,Tuesday
Z6KGR6,0,27,3.7037037,0,51.14,0,Friday
DLAJBX,1,40,42.5,5,45.2,0.00703518,Monday
6NV2PB,1,43,6.97674419,2.3255814,98.12,0,Monday
SPWAJ8,0,0,0,0,183.45,0,Monday
3YZBPF,1,45,2.22222222,2.22222222,69.22,0.11111111,Thursday
6E2UH4,1,45,0,0,89.69,0,Saturday
FZW3R5,1,50,16,2,94.04,0.01726845,Tuesday
NAPY2F,1,42,30.952381,19.0476191,82.19,0.02112676,Wednesday
XXBCR,1,47,4.25531915,0,165.47,0.02702703,Tuesday